-- phpMyAdmin SQL Dump
-- version 4.6.6deb5
-- https://www.phpmyadmin.net/
--
-- Servidor: localhost:3306
-- Tiempo de generación: 08-04-2020 a las 20:02:04
-- Versión del servidor: 5.7.29-0ubuntu0.18.04.1
-- Versión de PHP: 7.2.24-0ubuntu0.18.04.3

SET SQL_MODE = "NO_AUTO_VALUE_ON_ZERO";
SET time_zone = "+00:00";


/*!40101 SET @OLD_CHARACTER_SET_CLIENT=@@CHARACTER_SET_CLIENT */;
/*!40101 SET @OLD_CHARACTER_SET_RESULTS=@@CHARACTER_SET_RESULTS */;
/*!40101 SET @OLD_COLLATION_CONNECTION=@@COLLATION_CONNECTION */;
/*!40101 SET NAMES utf8mb4 */;

--
-- Base de datos: `elgrove`
--

-- --------------------------------------------------------

--
-- Estructura de tabla para la tabla `billable_services`
--

CREATE TABLE `billable_services` (
  `id` int(11) NOT NULL,
  `name` varchar(45) NOT NULL,
  `deleted_at` datetime DEFAULT NULL
) ENGINE=InnoDB DEFAULT CHARSET=utf8;

--
-- Volcado de datos para la tabla `billable_services`
--

INSERT INTO `billable_services` (`id`, `name`, `deleted_at`) VALUES
(1, 'Agua', NULL),
(2, 'Luz', NULL),
(3, 'Gas', NULL),
(4, 'Ascensores', NULL),
(5, 'Limpieza', NULL),
(6, 'Matafuegos', NULL),
(7, 'Seguro', NULL),
(8, 'Otros', NULL);

-- --------------------------------------------------------

--
-- Estructura de tabla para la tabla `bills`
--

CREATE TABLE `bills` (
  `id` int(11) NOT NULL,
  `billable_id` int(11) NOT NULL,
  `detail` varchar(255) DEFAULT NULL,
  `period` varchar(40) DEFAULT NULL,
  `amount` decimal(15,2) NOT NULL,
  `file_id` int(11) DEFAULT NULL,
  `belongs_to` int(11) NOT NULL,
  `created_at` datetime DEFAULT NULL,
  `deleted_at` datetime DEFAULT NULL
) ENGINE=InnoDB DEFAULT CHARSET=utf8;

--
-- Volcado de datos para la tabla `bills`
--

INSERT INTO `bills` (`id`, `billable_id`, `detail`, `period`, `amount`, `file_id`, `belongs_to`, `created_at`, `deleted_at`) VALUES
(41, 1, '104321', '2020-ENE/FEB', '10500.00', 125, 349, '2020-04-02 23:22:18', '2020-04-07 17:37:52'),
(42, 2, '556788888', '2020-MAR/ABR', '15753.02', 127, 334, '2020-04-02 23:38:33', '2020-04-07 17:37:45'),
(43, 4, 'Mant. mensual', '2020-ABR/MAY', '15000.00', 129, 349, '2020-04-02 23:45:11', '2020-04-07 17:37:48'),
(44, 5, '333', '2020-ENE/FEB', '3333.00', 131, 334, '2020-04-02 23:52:56', '2020-04-07 17:37:42'),
(45, 1, 'aaaaa', '2020-ENE/FEB', '44566.00', 133, 334, '2020-04-02 23:54:19', '2020-04-07 17:37:39'),
(46, 2, '444', '2020-ENE/FEB', '444.00', 135, 334, '2020-04-02 23:56:34', '2020-04-07 17:37:37'),
(47, 6, 'AAAAAA', '2020-ABR/MAY', '444.00', 136, 349, '2020-04-02 23:58:32', '2020-04-07 17:37:35'),
(48, 5, 'Trabajos adicionales', '2020-MAY/JUN', '44556.77', 169, 334, '2020-04-03 00:00:49', '2020-04-07 17:37:33'),
(49, 1, 'E3344', '2020-21', '5000.00', 165, 350, '2020-04-06 17:48:18', '2020-04-07 14:52:12'),
(50, 3, 'Prueba', '2222', '2222.00', 183, 334, '2020-04-07 19:03:06', '2020-04-07 19:23:07'),
(51, 4, 'Algun detalle', '2020-21', '5555.00', 184, 332, '2020-04-07 19:03:47', '2020-04-07 19:23:05'),
(52, 5, 'WWWWW', '33455', '5555.00', 185, 334, '2020-04-07 19:04:14', '2020-04-07 19:23:03'),
(53, 6, '4444', '444', '444.00', 186, 353, '2020-04-07 19:05:09', '2020-04-07 19:23:01'),
(54, 4, 'AAAAAAAAA', '444555', '55555.00', 187, 334, '2020-04-07 19:11:31', '2020-04-07 19:22:59'),
(55, 1, 'ABSA', 'MAR-2020', '4138.13', 189, 334, '2020-04-07 19:27:43', '2020-04-07 19:28:11'),
(56, 1, 'Absa', 'Marzo 2020', '4138.13', 192, 334, '2020-04-07 19:37:05', NULL),
(57, 1, 'Absa', 'Abril 2020', '4138.13', 193, 334, '2020-04-07 19:54:02', NULL),
(58, 2, 'Edelap', 'Marzo 2020', '1768.21', 194, 334, '2020-04-07 19:55:38', NULL),
(59, 4, 'Ascensores La Plata', 'Marzo 2020', '4300.00', 195, 334, '2020-04-07 20:04:49', NULL),
(60, 4, 'Ascensores La Plata', 'Febrero 2020', '4300.00', 196, 334, '2020-04-07 20:05:29', NULL),
(61, 6, 'Matafuegos La Loma Revision Anual', 'Marzo 2020', '4200.00', 197, 334, '2020-04-07 20:07:22', NULL),
(62, 5, 'Laurus Clean S.A.', 'Marzo 2020', '5675.00', 198, 334, '2020-04-07 20:11:32', NULL),
(63, 7, 'Federación Patronal', 'Abril 2020', '2259.00', 199, 334, '2020-04-07 20:25:21', NULL),
(64, 7, 'Federación Patronal', 'Marzo 2020', '1690.00', 200, 334, '2020-04-07 20:25:59', NULL),
(65, 7, 'Federación Patronal (Endoso)', 'Marzo 2020', '569.00', 201, 334, '2020-04-07 20:27:34', NULL),
(66, 8, 'Honorarios Administración', 'Marzo 2020', '5000.00', 203, 334, '2020-04-07 20:48:09', NULL),
(67, 8, 'Honorarios Administración', 'Abril 2020', '5000.00', 204, 334, '2020-04-07 20:48:34', NULL),
(68, 5, 'Laurus Clean S.A.', 'Abril 2020', '3100.00', 205, 334, '2020-04-07 23:39:27', NULL);

-- --------------------------------------------------------

--
-- Estructura de tabla para la tabla `collections`
--

CREATE TABLE `collections` (
  `id` int(11) NOT NULL,
  `entity` varchar(80) NOT NULL,
  `refs` longtext CHARACTER SET utf8mb4 COLLATE utf8mb4_bin NOT NULL,
  `belongs_to` int(11) NOT NULL,
  `created_at` datetime NOT NULL
) ENGINE=InnoDB DEFAULT CHARSET=utf8;

-- --------------------------------------------------------

--
-- Estructura de tabla para la tabla `contact_data`
--

CREATE TABLE `contact_data` (
  `id` int(11) NOT NULL,
  `phone` varchar(30) DEFAULT NULL,
  `email` varchar(255) DEFAULT NULL,
  `address` varchar(80) DEFAULT NULL,
  `opening_hours` varchar(100) NOT NULL
) ENGINE=InnoDB DEFAULT CHARSET=utf8;

--
-- Volcado de datos para la tabla `contact_data`
--

INSERT INTO `contact_data` (`id`, `phone`, `email`, `address`, `opening_hours`) VALUES
(1, '+54  221  15 545-2109', 'ADM.ELGROVE@OUTLOOK.COM', 'CALLE 28 N° 167, LA PLATA, BS AS', 'lunes a viernes de 9 a 17');

-- --------------------------------------------------------

--
-- Estructura de tabla para la tabla `documents`
--

CREATE TABLE `documents` (
  `id` int(11) NOT NULL,
  `name` varchar(80) NOT NULL,
  `file_id` int(11) NOT NULL,
  `enabled` tinyint(4) DEFAULT '1',
  `belongs_to` int(11) NOT NULL,
  `created_at` datetime DEFAULT NULL,
  `deleted_at` datetime DEFAULT NULL
) ENGINE=InnoDB DEFAULT CHARSET=utf8;

--
-- Volcado de datos para la tabla `documents`
--

INSERT INTO `documents` (`id`, `name`, `file_id`, `enabled`, `belongs_to`, `created_at`, `deleted_at`) VALUES
(13, 'Reglamento de Copropiedad', 168, 0, 334, '2020-04-03 00:08:06', NULL),
(14, 'Reglamento de conviencia \"El Fuerte II\"', 143, 1, 349, '2020-04-03 10:02:27', '2020-04-03 15:23:00'),
(16, 'Otro documento', 170, 1, 334, '2020-04-03 15:24:10', '2020-04-07 20:32:40'),
(17, 'Póliza de Seguro con listado de cuotas a la fecha', 202, 0, 334, '2020-04-07 19:01:51', NULL);

-- --------------------------------------------------------

--
-- Estructura de tabla para la tabla `files`
--

CREATE TABLE `files` (
  `id` int(11) NOT NULL,
  `filename` varchar(255) NOT NULL,
  `file_ext` varchar(30) NOT NULL,
  `filename_as_stored` varchar(60) NOT NULL,
  `belongs_to` int(11) DEFAULT NULL,
  `guest_access` tinyint(4) NOT NULL DEFAULT '0',
  `locked` tinyint(4) NOT NULL DEFAULT '0',
  `created_at` datetime NOT NULL,
  `deleted_at` datetime DEFAULT NULL
) ENGINE=InnoDB DEFAULT CHARSET=utf8;

--
-- Volcado de datos para la tabla `files`
--

INSERT INTO `files` (`id`, `filename`, `file_ext`, `filename_as_stored`, `belongs_to`, `guest_access`, `locked`, `created_at`, `deleted_at`) VALUES
(125, '82362762_1006376316412462_1938323971954966528_o.jpg', 'jpg', '331-5e869faa105e39.77735772.jpg', 349, 1, 0, '2020-04-02 23:30:02', NULL),
(127, '78372400_3426368247403784_5430079366526664704_n.jpg', 'jpg', '331-5e86a1cdb4d253.12510258.jpg', 334, 1, 0, '2020-04-02 23:39:09', NULL),
(129, '79312017_10162583508375414_3132796029565403136_n.jpg', 'jpg', '331-5e86a3445b81d9.60263446.jpg', 331, 1, 0, '2020-04-02 23:45:24', NULL),
(131, '65698571_10158090129128840_8165687854328971264_n.jpg', 'jpg', '331-5e86a51b28c1c1.88822913.jpg', 334, 1, 0, '2020-04-02 23:53:15', NULL),
(133, '67184678_10157391799458050_2173442975797870592_n.jpg', 'jpg', '331-5e86a5630bb000.04790424.jpg', 334, 1, 0, '2020-04-02 23:54:27', NULL),
(135, '1200x630bb.png', 'png', '331-5e86a5e9588983.85433821.png', 334, 1, 0, '2020-04-02 23:56:41', NULL),
(136, '80861537_2457769634444702_8844969161625960448_o.jpg', 'jpg', '331-5e86a6585556c4.87165488.jpg', 349, 1, 0, '2020-04-02 23:58:32', NULL),
(137, '80714195_593224084564213_7467389930788880384_n.jpg', 'jpg', '331-5e86a6e1a458a3.95920273.jpg', 334, 1, 0, '2020-04-03 00:00:49', NULL),
(138, 'bash.pdf', 'pdf', '331-5e86a895ef3a97.82574730.pdf', 334, 1, 0, '2020-04-03 00:08:05', NULL),
(143, '67532508_10158159515678840_1407616359499563008_o(1).jpg', 'jpg', '331-5e8733e2e75371.82724912.jpg', 349, 1, 0, '2020-04-03 10:02:26', NULL),
(144, '1200x630bb.png', 'png', '331-5e873474d181f6.50824377.png', 331, 1, 0, '2020-04-03 10:04:52', NULL),
(145, '80861537_2457769634444702_8844969161625960448_o(1).jpg', 'jpg', '331-5e8734ac675c71.06981366.jpg', 331, 1, 0, '2020-04-03 10:05:48', NULL),
(146, 'file.png', 'png', '331-5e8734b7355ad7.45304043.png', 331, 1, 0, '2020-04-03 10:05:59', NULL),
(147, '80714195_593224084564213_7467389930788880384_n.jpg', 'jpg', '331-5e8734d8cbf693.57443661.jpg', 331, 1, 0, '2020-04-03 10:06:32', NULL),
(148, 'safe_image.png', 'png', '331-5e8734f71b6499.35341737.png', 331, 1, 0, '2020-04-03 10:07:03', NULL),
(149, '82362762_1006376316412462_1938323971954966528_o (1).jpg', 'jpg', '331-5e877b64be3b38.25156849.jpg', 331, 1, 0, '2020-04-03 15:07:32', NULL),
(150, '67532508_10158159515678840_1407616359499563008_o.jpg', 'jpg', '332-5e877d7fdca1f2.08312261.jpg', 349, 1, 0, '2020-04-03 15:16:31', NULL),
(151, '67532508_10158159515678840_1407616359499563008_o.jpg', 'jpg', '332-5e877d97d57311.72542227.jpg', 349, 1, 0, '2020-04-03 15:16:55', NULL),
(152, '78372400_3426368247403784_5430079366526664704_n.jpg', 'jpg', '331-5e877dd9658fb9.22239416.jpg', 331, 1, 0, '2020-04-03 15:18:01', NULL),
(153, '79633962_162250271796638_9154402975274237952_n.jpg', 'jpg', '331-5e877f0fc669b1.09850567.jpg', 349, 0, 0, '2020-04-03 15:23:11', NULL),
(155, '79528120_1205478162980483_7100254245131124736_n.jpg', 'jpg', '331-5e87803e38a879.39813250.jpg', 331, 1, 0, '2020-04-03 15:28:14', NULL),
(156, '1_dF7xdJ8zEOx4z1jPkr52-Q.png', 'png', '332-5e87c282558122.19744831.png', 349, 0, 0, '2020-04-03 20:10:58', NULL),
(157, '65394374_10158090117128840_7189038881361100800_o.jpg', 'jpg', '332-5e8b8b3d92aeb8.06654236.jpg', NULL, 0, 0, '2020-04-06 17:04:13', NULL),
(158, '65394374_10158090117128840_7189038881361100800_o.jpg', 'jpg', '332-5e8b8b6b0cb322.16928644.jpg', NULL, 0, 0, '2020-04-06 17:04:59', NULL),
(159, '65394374_10158090117128840_7189038881361100800_o.jpg', 'jpg', '332-5e8b8b71858125.16334185.jpg', NULL, 0, 0, '2020-04-06 17:05:05', NULL),
(161, '67532508_10158159515678840_1407616359499563008_o.jpg', 'jpg', '332-5e8b8d06d13937.03282988.jpg', 332, 1, 0, '2020-04-06 17:11:50', NULL),
(162, '78372400_3426368247403784_5430079366526664704_n.jpg', 'jpg', '332-5e8b8d19182870.78248864.jpg', 332, 0, 0, '2020-04-06 17:12:09', NULL),
(163, '79312017_10162583508375414_3132796029565403136_n.jpg', 'jpg', '332-5e8b8d1fdfaf70.76956724.jpg', 332, 0, 0, '2020-04-06 17:12:15', NULL),
(164, 'seguridad.jfif', 'jfif', '332-5e8b938a6c0b07.58704072.jfif', 332, 1, 0, '2020-04-06 17:39:38', NULL),
(165, '67184678_10157391799458050_2173442975797870592_n.jpg', 'jpg', '332-5e8b9591edad53.70293795.jpg', 350, 0, 0, '2020-04-06 17:48:17', NULL),
(169, '65698571_10158090129128840_8165687854328971264_n.jpg', 'jpg', '332-5e8bffde8634d8.42287303.jpg', 334, 0, 0, '2020-04-07 01:21:50', NULL),
(170, '79312017_10162583508375414_3132796029565403136_n.jpg', 'jpg', '332-5e8cbdfd4426c2.58779151.jpg', 349, 0, 0, '2020-04-07 14:53:01', NULL),
(171, 'Absa Marzo 2020.pdf', 'pdf', '331-5e8ce587208877.77187606.pdf', 334, 0, 0, '2020-04-07 17:41:43', NULL),
(172, 'Absa Marzo 2020.pdf', 'pdf', '331-5e8ce59d629260.74957683.pdf', 334, 0, 0, '2020-04-07 17:42:05', NULL),
(173, 'Absa Marzo 2020.pdf', 'pdf', '331-5e8ce59f1afcb3.89957155.pdf', 334, 0, 0, '2020-04-07 17:42:07', NULL),
(174, 'Absa Marzo 2020.pdf', 'pdf', '331-5e8ce5dea89370.18316672.pdf', 334, 0, 0, '2020-04-07 17:43:10', NULL),
(175, 'Absa Marzo 2020.pdf', 'pdf', '331-5e8ce5ef592110.08469292.pdf', 334, 0, 0, '2020-04-07 17:43:27', NULL),
(176, 'Absa Marzo 2020.pdf', 'pdf', '331-5e8ce7930e7e00.12854088.pdf', 334, 0, 0, '2020-04-07 17:50:27', NULL),
(177, 'Absa Marzo 2020.pdf', 'pdf', '331-5e8ce7b15e20a8.31409121.pdf', 334, 0, 0, '2020-04-07 17:50:57', NULL),
(178, 'Absa Marzo 2020_pages-to-jpg-0001.jpg', 'jpg', '331-5e8ce86cd0aa84.11292982.jpg', 334, 0, 0, '2020-04-07 17:54:04', NULL),
(179, 'Absa Marzo 2020_pages-to-jpg-0001.jpg', 'jpg', '331-5e8ce948995541.83036935.jpg', 334, 0, 0, '2020-04-07 17:57:44', NULL),
(180, 'Absa Marzo 2020_pages-to-jpg-0001.jpg', 'jpg', '331-5e8ce99286ad17.32219531.jpg', 334, 0, 0, '2020-04-07 17:58:58', NULL),
(181, 'Absa Marzo 2020_pages-to-jpg-0001.jpg', 'jpg', '331-5e8cea82410e05.19010804.jpg', 334, 0, 0, '2020-04-07 18:02:58', NULL),
(183, '80714195_593224084564213_7467389930788880384_n.jpg', 'jpg', '2-5e8cf89a13e066.78424856.jpg', 334, 0, 0, '2020-04-07 19:03:06', NULL),
(184, '64267013_10157391799138050_6876613348113252352_n.jpg', 'jpg', '332-5e8cf8c3a16fa0.29017236.jpg', 332, 0, 0, '2020-04-07 19:03:47', NULL),
(185, 'the cure15617031434396.jpg', 'jpg', '332-5e8cf8de5cab07.80395748.jpg', 334, 0, 0, '2020-04-07 19:04:14', NULL),
(186, 'Práctica_DNS (1).pdf', 'pdf', '332-5e8cf91563d6e9.70651674.pdf', 353, 0, 0, '2020-04-07 19:05:09', NULL),
(187, 'Práctica_DNS (1).pdf', 'pdf', '2-5e8cfa93d7f869.76113249.pdf', 334, 0, 0, '2020-04-07 19:11:31', NULL),
(188, 'Absa Marzo 2020.pdf', 'pdf', '331-5e8cfe573d0297.42603799.pdf', 334, 0, 0, '2020-04-07 19:27:35', NULL),
(189, 'constancia compra dominio 4261623.pdf', 'pdf', '332-5e8cfe5fa49736.75555634.pdf', 334, 0, 0, '2020-04-07 19:27:43', NULL),
(190, 'Absa Marzo 2020.pdf', 'pdf', '331-5e8cfe8be50b07.43622303.pdf', 334, 0, 0, '2020-04-07 19:28:27', NULL),
(191, 'Absa Marzo 2020.pdf', 'pdf', '331-5e8cfec77050d6.93659384.pdf', 334, 0, 0, '2020-04-07 19:29:27', NULL),
(192, 'Absa Marzo 2020.pdf', 'pdf', '331-5e8d0091aaed89.97388688.pdf', 334, 0, 0, '2020-04-07 19:37:05', NULL),
(193, 'Absa Abril 2020.pdf', 'pdf', '331-5e8d048a4a8b81.04617060.pdf', 334, 0, 0, '2020-04-07 19:54:02', NULL),
(194, 'Edelap Marzo 2020.pdf', 'pdf', '331-5e8d04ea4649b3.14850608.pdf', 334, 0, 0, '2020-04-07 19:55:38', NULL),
(195, 'ALP Marzo 2020.pdf', 'pdf', '331-5e8d071154af02.88594901.pdf', 334, 0, 0, '2020-04-07 20:04:49', NULL),
(196, 'ALP Febrero 2020.pdf', 'pdf', '331-5e8d0739c0ce42.03233291.pdf', 334, 0, 0, '2020-04-07 20:05:29', NULL),
(197, 'Revision Anual 2020.jpg', 'jpg', '331-5e8d07aa795fd2.22542557.jpg', 334, 0, 0, '2020-04-07 20:07:22', NULL),
(198, 'Limpieza Marzo 2020.pdf', 'pdf', '331-5e8d08a3231e84.03028065.pdf', 334, 0, 0, '2020-04-07 20:11:31', NULL),
(199, 'Seguro Abril 2020.pdf', 'pdf', '331-5e8d0be10dd974.31509259.pdf', 334, 0, 0, '2020-04-07 20:25:21', NULL),
(200, 'Seguro Marzo 2020.pdf', 'pdf', '331-5e8d0c07745e40.19215987.pdf', 334, 0, 0, '2020-04-07 20:25:59', NULL),
(201, 'Pago seguro endoso por marzo suma asegurada.pdf', 'pdf', '331-5e8d0c6642c9c2.59422678.pdf', 334, 0, 0, '2020-04-07 20:27:34', NULL),
(202, 'Poliza Integral de Consorcio con endoso por Incremento de Suma Asegurada.pdf', 'pdf', '331-5e8d0dc5c19692.08204485.pdf', 334, 0, 0, '2020-04-07 20:33:25', NULL),
(203, 'Honorarios Administracion Marzo 2020.pdf', 'pdf', '331-5e8d1139bc0ca8.35804392.pdf', 334, 0, 0, '2020-04-07 20:48:09', NULL),
(204, 'Honorarios Administracion Abril 2020.pdf', 'pdf', '331-5e8d1152b012a4.66693450.pdf', 334, 0, 0, '2020-04-07 20:48:34', NULL),
(205, 'Limpieza Abril 2020.pdf', 'pdf', '331-5e8d395ef34c74.05292322.pdf', 334, 0, 0, '2020-04-07 23:39:26', NULL);

-- --------------------------------------------------------

--
-- Estructura de tabla para la tabla `folders`
--

CREATE TABLE `folders` (
  `id` int(11) NOT NULL,
  `tb` varchar(40) NOT NULL,
  `name` varchar(40) NOT NULL,
  `belongs_to` int(11) NOT NULL
) ENGINE=InnoDB DEFAULT CHARSET=utf8;

-- --------------------------------------------------------

--
-- Estructura de tabla para la tabla `group_permissions`
--

CREATE TABLE `group_permissions` (
  `id` int(11) NOT NULL,
  `folder_id` int(11) NOT NULL,
  `belongs_to` int(11) NOT NULL,
  `member` int(11) NOT NULL,
  `r` tinyint(4) NOT NULL,
  `w` tinyint(4) NOT NULL
) ENGINE=InnoDB DEFAULT CHARSET=utf8;

-- --------------------------------------------------------

--
-- Estructura de tabla para la tabla `legal_documents`
--

CREATE TABLE `legal_documents` (
  `id` int(11) NOT NULL,
  `name` varchar(80) NOT NULL,
  `file_id` int(11) NOT NULL,
  `enabled` tinyint(4) DEFAULT '1',
  `belongs_to` int(11) NOT NULL,
  `created_at` datetime DEFAULT NULL,
  `deleted_at` datetime DEFAULT NULL
) ENGINE=InnoDB DEFAULT CHARSET=utf8;

--
-- Volcado de datos para la tabla `legal_documents`
--

INSERT INTO `legal_documents` (`id`, `name`, `file_id`, `enabled`, `belongs_to`, `created_at`, `deleted_at`) VALUES
(1, 'Ley de copropiedad de la Prov. de Bs As', 163, 0, 331, '2020-04-03 00:47:46', '2020-04-07 21:58:33'),
(2, 'Ley de cultura cívica', 162, 1, 331, '2020-04-03 00:48:57', '2020-04-07 21:58:31'),
(3, 'Ley de procuradoría social', 161, 1, 331, '2020-04-03 00:49:36', '2020-04-07 21:58:29'),
(4, 'Otro documento legal', 147, 0, 331, '2020-04-03 09:59:52', '2020-04-06 17:11:33'),
(5, 'Documento legal super-importante', 148, 1, 331, '2020-04-03 10:07:03', '2020-04-06 17:11:30'),
(6, 'XXXZZZ', 149, 0, 331, '2020-04-03 15:07:32', '2020-04-03 15:17:41'),
(7, 'ZZZ', 152, 1, 331, '2020-04-03 15:18:01', '2020-04-03 15:22:21'),
(8, 'Super ley', 155, 0, 331, '2020-04-03 15:28:14', '2020-04-06 17:11:28'),
(9, 'Código Civil y Comercial de la Nación', 160, 0, 332, '2020-04-06 17:06:11', NULL),
(10, 'Top Secret', 164, 0, 332, '2020-04-06 17:39:38', '2020-04-07 21:56:49');

-- --------------------------------------------------------

--
-- Estructura de tabla para la tabla `messages`
--

CREATE TABLE `messages` (
  `id` int(11) NOT NULL,
  `name` varchar(80) NOT NULL,
  `email` varchar(320) NOT NULL,
  `phone` varchar(45) DEFAULT NULL,
  `ip` varbinary(16) DEFAULT NULL,
  `subject` varchar(40) NOT NULL,
  `content` text NOT NULL,
  `sent_at` datetime DEFAULT NULL,
  `created_at` datetime NOT NULL,
  `deleted_at` datetime DEFAULT NULL
) ENGINE=InnoDB DEFAULT CHARSET=utf8;

--
-- Volcado de datos para la tabla `messages`
--

INSERT INTO `messages` (`id`, `name`, `email`, `phone`, `ip`, `subject`, `content`, `sent_at`, `created_at`, `deleted_at`) VALUES
(106, 'Juan Perez', 'jperez@gmail.com', '000000000000', 0x33313838383634323236, 'Desinfección', 'Por favor necesito el servicio urgentemente.', NULL, '0000-00-00 00:00:00', '2020-04-07 13:23:52'),
(107, 'wxjrqxehmi', 'aqerejmaimcngthqciqv@gmail.com', '0000000000', 0x33313838383634323236, 'Lorem ipsum dolor sit amet, consectetur ', 'Lorem ipsum dolor sit amet, consectetur adipiscing elit. Confecta res esset. Qua ex cognitione facilior facta est investigatio rerum occultissimarum. Scrupulum, inquam, abeunti; Iam in altera philosophiae parte. Tria genera bonorum; Duo Reges: constructio interrete. Quam illa ardentis amores excitaret sui! Cur tandem? Sin aliud quid voles, postea. \n\n', NULL, '2020-03-26 19:45:45', '2020-04-07 13:23:52'),
(108, 'siycaoboly', 'ewutiyfnnmtibftwaijn@gmail.com', '0000000000', 0x33313838383634323236, 'Lorem ipsum dolor sit amet, consectetur ', 'Lorem ipsum dolor sit amet, consectetur adipiscing elit. Quodsi ipsam honestatem undique pertectam atque absolutam. Quae cum dixisset, finem ille. Sed haec omittamus; Dicimus aliquem hilare vivere; \n\n', NULL, '2020-03-26 19:46:17', '2020-04-07 13:23:52'),
(109, 'yrocagromq', 'yyljnvircgggnvjiuulp@gmail.com', '0000000000', 0x33313838383634323236, 'Lorem ipsum dolor sit amet, consectetur ', 'Lorem ipsum dolor sit amet, consectetur adipiscing elit. Sumenda potius quam expetenda. At enim hic etiam dolore. Stoicos roga. Quonam, inquit, modo? \n\n', NULL, '2020-03-26 19:46:18', '2020-04-07 13:23:52'),
(111, 'zvnimalhpz', 'oxltujqawbwrxemekufx@gmail.com', '0000000000', 0x33313838383634323236, 'Lorem ipsum dolor sit amet, consectetur ', 'Lorem ipsum dolor sit amet, consectetur adipiscing elit. Itaque his sapiens semper vacabit. Quae duo sunt, unum facit. Quid dubitas igitur mutare principia naturae? Duo Reges: constructio interrete. Erat enim Polemonis. Ac tamen hic mallet non dolere. \n\n', NULL, '2020-03-26 19:46:20', '2020-04-07 13:23:52'),
(112, 'tyzaurmiso', 'utmqhfxzxrwuvzjroknv@gmail.com', '0000000000', 0x33313838383634323236, 'Lorem ipsum dolor sit amet, consectetur ', 'Lorem ipsum dolor sit amet, consectetur adipiscing elit. Tollitur beneficium, tollitur gratia, quae sunt vincla concordiae. Mihi, inquam, qui te id ipsum rogavi? Odium autem et invidiam facile vitabis. \n\n', NULL, '2020-03-26 19:46:22', '2020-04-07 13:23:52'),
(113, 'gyzqnxxhib', 'syvycaiexgvutbhsmpwv@gmail.com', '0000000000', 0x33313838383634323236, 'Lorem ipsum dolor sit amet, consectetur ', 'Lorem ipsum dolor sit amet, consectetur adipiscing elit. At enim sequor utilitatem. Ut optime, secundum naturam affectum esse possit. Cum audissem Antiochum, Brute, ut solebam, cum M. Itaque ab his ordiamur. \n\n', NULL, '2020-03-26 19:46:23', '2020-04-07 13:23:52'),
(114, 'ggvyeooxfr', 'buqnbcvyfxelyycmmzrm@gmail.com', '0000000000', 0x33313838383634323236, 'Lorem ipsum dolor sit amet, consectetur ', 'Lorem ipsum dolor sit amet, consectetur adipiscing elit. Et quidem, inquit, vehementer errat; Sed vos squalidius, illorum vides quam niteat oratio. Duo Reges: constructio interrete. Quis Aristidem non mortuum diligit? Quibus ego vehementer assentior. Qualem igitur hominem natura inchoavit? \n\n', NULL, '2020-03-26 19:46:24', '2020-04-07 13:23:52'),
(115, 'vtyxkqfrew', 'nahnjnkwhixcmtenbtyj@gmail.com', '0000000000', 0x33313838383634323236, 'Lorem ipsum dolor sit amet, consectetur ', 'Lorem ipsum dolor sit amet, consectetur adipiscing elit. Sed quid sentiat, non videtis. Sequitur disserendi ratio cognitioque naturae; Ne amores quidem sanctos a sapiente alienos esse arbitrantur. Duo Reges: constructio interrete. Quis istud, quaeso, nesciebat? \n\n', NULL, '2020-03-26 19:46:25', '2020-04-07 13:23:52'),
(116, 'aswotgnieo', 'yfgmgfppolmoeengstue@gmail.com', '0000000000', 0x33313838383634323236, 'Lorem ipsum dolor sit amet, consectetur ', 'Lorem ipsum dolor sit amet, consectetur adipiscing elit. Tollitur beneficium, tollitur gratia, quae sunt vincla concordiae. Quid autem habent admirationis, cum prope accesseris? Deinde dolorem quem maximum? Polycratem Samium felicem appellabant. Nam ante Aristippus, et ille melius. Qui convenit? \n\n', NULL, '2020-03-26 19:46:26', '2020-04-07 13:23:52'),
(117, 'qquojfzarz', 'gfitoswlubimiprgkfao@gmail.com', '0000000000', 0x33313838383634323236, 'Lorem ipsum dolor sit amet, consectetur ', 'Lorem ipsum dolor sit amet, consectetur adipiscing elit. Polycratem Samium felicem appellabant. Duo Reges: constructio interrete. Suo enim quisque studio maxime ducitur. Ergo, inquit, tibi Q. \n\n', NULL, '2020-03-26 19:46:27', '2020-04-07 13:23:52'),
(118, 'mbkdyugqdq', 'nfmxgwudmdcrrjmafbre@gmail.com', '0000000000', 0x33313838383634323236, 'Lorem ipsum dolor sit amet, consectetur ', 'Lorem ipsum dolor sit amet, consectetur adipiscing elit. Quae quidem vel cum periculo est quaerenda vobis; Quis istud possit, inquit, negare? Proclivi currit oratio. Duo Reges: constructio interrete. Occultum facinus esse potuerit, gaudebit; Expectoque quid ad id, quod quaerebam, respondeas. Non potes, nisi retexueris illa. \n\n', NULL, '2020-03-26 19:46:28', '2020-04-07 13:23:52'),
(119, 'aunqgbsymk', 'iswhndwivwmoujvkhekv@gmail.com', '0000000000', 0x33313838383634323236, 'Lorem ipsum dolor sit amet, consectetur ', 'Lorem ipsum dolor sit amet, consectetur adipiscing elit. Quae contraria sunt his, malane? Equidem e Cn. Egone quaeris, inquit, quid sentiam? Summae mihi videtur inscitiae. \n\n', NULL, '2020-03-26 19:46:29', '2020-04-07 13:23:52'),
(120, 'ftcqknucge', 'eoyykclzirykwhowzkpm@gmail.com', '0000000000', 0x33313838383634323236, 'Lorem ipsum dolor sit amet, consectetur ', 'Lorem ipsum dolor sit amet, consectetur adipiscing elit. Cyrenaici quidem non recusant; Quid sequatur, quid repugnet, vident. Erit enim mecum, si tecum erit. Duo Reges: constructio interrete. \n\n', NULL, '2020-03-26 19:46:30', '2020-04-07 13:23:52'),
(121, 'sntcevxvpv', 'mmufwdxsqflqmphdbyqv@gmail.com', '0000000000', 0x33313838383634323236, 'Lorem ipsum dolor sit amet, consectetur ', 'Lorem ipsum dolor sit amet, consectetur adipiscing elit. Erat enim Polemonis. Quod non faceret, si in voluptate summum bonum poneret. Sed quae tandem ista ratio est? Tum ille: Ain tandem? Ostendit pedes et pectus. \n\n', NULL, '2020-03-26 19:46:32', '2020-04-07 13:23:52'),
(122, 'klpwvxsrlv', 'kyvewasvevcsonvuxlhl@gmail.com', '0000000000', 0x33313838383634323236, 'Lorem ipsum dolor sit amet, consectetur ', 'Lorem ipsum dolor sit amet, consectetur adipiscing elit. Tollenda est atque extrahenda radicitus. Huius, Lyco, oratione locuples, rebus ipsis ielunior. Idem iste, inquam, de voluptate quid sentit? Sed plane dicit quod intellegit. Duo Reges: constructio interrete. \n\n', NULL, '2020-03-26 19:46:33', '2020-04-07 13:23:52'),
(123, 'vpwljjzrtb', 'ivulmjvtsoztuurkavpx@gmail.com', '0000000000', 0x33313838383634323236, 'Lorem ipsum dolor sit amet, consectetur ', 'Lorem ipsum dolor sit amet, consectetur adipiscing elit. Vide, quaeso, rectumne sit. Sed haec nihil sane ad rem; Sed tamen intellego quid velit. Duo Reges: constructio interrete. Deprehensus omnem poenam contemnet. \n\n', NULL, '2020-03-26 19:46:34', '2020-04-07 13:23:52'),
(124, 'ynfscxqmcu', 'pgehlyxmnikttnxquqmv@gmail.com', '0000000000', 0x33313838383634323236, 'Lorem ipsum dolor sit amet, consectetur ', 'Lorem ipsum dolor sit amet, consectetur adipiscing elit. Itaque contra est, ac dicitis; Scaevolam M. Eademne, quae restincta siti? Tum Torquatus: Prorsus, inquit, assentior; Duo Reges: constructio interrete. \n\n', NULL, '2020-03-26 19:46:35', '2020-04-07 13:23:52'),
(125, 'vujpfveirm', 'uarxvuoawmwjjyvclmoy@gmail.com', '0000000000', 0x33313838383634323236, 'Lorem ipsum dolor sit amet, consectetur ', 'Lorem ipsum dolor sit amet, consectetur adipiscing elit. Haeret in salebra. Hoc est non dividere, sed frangere. Quod quidem iam fit etiam in Academia. Duo Reges: constructio interrete. Non quam nostram quidem, inquit Pomponius iocans; \n\n', NULL, '2020-03-26 19:46:36', '2020-04-07 13:23:52'),
(126, 'eimbbiakjv', 'cdokfwkamklvvgxfxvqi@gmail.com', '0000000000', 0x33313838383634323236, 'Lorem ipsum dolor sit amet, consectetur ', 'Lorem ipsum dolor sit amet, consectetur adipiscing elit. Quo modo autem philosophus loquitur? Quacumque enim ingredimur, in aliqua historia vestigium ponimus. Tollenda est atque extrahenda radicitus. Dic in quovis conventu te omnia facere, ne doleas. Duo Reges: constructio interrete. \n\n', NULL, '2020-03-26 19:46:38', '2020-04-07 13:23:52'),
(127, 'afepqsbala', 'jpkxshivvulcmagenfxe@gmail.com', '0000000000', 0x33313838383634323236, 'Lorem ipsum dolor sit amet, consectetur ', 'Lorem ipsum dolor sit amet, consectetur adipiscing elit. Aliter homines, aliter philosophos loqui putas oportere? Ita multa dicunt, quae vix intellegam. Hic nihil fuit, quod quaereremus. Ergo id est convenienter naturae vivere, a natura discedere. \n\n', NULL, '2020-03-26 19:46:39', '2020-04-07 13:23:52'),
(128, 'nfrkawfaur', 'kajhrgqsjonppcalgwfc@gmail.com', '0000000000', 0x33313838383634323236, 'Lorem ipsum dolor sit amet, consectetur ', 'Lorem ipsum dolor sit amet, consectetur adipiscing elit. Immo alio genere; Bestiarum vero nullum iudicium puto. Qui est in parvis malis. Sed nimis multa. Duo Reges: constructio interrete. Sedulo, inquam, faciam. \n\n', NULL, '2020-03-26 19:46:40', '2020-04-07 13:23:52'),
(129, 'siydgdnrcr', 'xrftyjkqwqurzumtptzr@gmail.com', '0000000000', 0x33313838383634323236, 'Lorem ipsum dolor sit amet, consectetur ', 'Lorem ipsum dolor sit amet, consectetur adipiscing elit. Falli igitur possumus. Tum Piso: Quoniam igitur aliquid omnes, quid Lucius noster? Traditur, inquit, ab Epicuro ratio neglegendi doloris. Confecta res esset. \n\n', NULL, '2020-03-26 19:46:41', '2020-04-07 13:23:52'),
(130, 'pigfmpdrpo', 'rbzluwnkgagnoicigwst@gmail.com', '0000000000', 0x33313838383634323236, 'Lorem ipsum dolor sit amet, consectetur ', 'Lorem ipsum dolor sit amet, consectetur adipiscing elit. Si quicquam extra virtutem habeatur in bonis. Qui non moveatur et offensione turpitudinis et comprobatione honestatis? Venit ad extremum; Et nemo nimium beatus est; Memini vero, inquam; At ego quem huic anteponam non audeo dicere; \n\n', NULL, '2020-03-26 19:46:42', '2020-04-07 13:23:52'),
(131, 'hflhtzzmqs', 'trycgiyndonesnsrelmb@gmail.com', '0000000000', 0x33313838383634323236, 'Lorem ipsum dolor sit amet, consectetur ', 'Lorem ipsum dolor sit amet, consectetur adipiscing elit. Respondeat totidem verbis. Non risu potius quam oratione eiciendum? Quid de Pythagora? Non potes, nisi retexueris illa. \n\n', NULL, '2020-03-26 19:46:43', '2020-04-07 13:23:52'),
(132, 'owreveaoml', 'ciybkukxcghwhtdntlll@gmail.com', '0000000000', 0x33313838383634323236, 'Lorem ipsum dolor sit amet, consectetur ', 'Lorem ipsum dolor sit amet, consectetur adipiscing elit. Falli igitur possumus. Erat enim res aperta. \n\n', NULL, '2020-03-26 19:46:44', '2020-04-07 13:23:52'),
(133, 'vwtkliekmu', 'iaokhfodcqcazuihrcbt@gmail.com', '0000000000', 0x33313838383634323236, 'Lorem ipsum dolor sit amet, consectetur ', 'Lorem ipsum dolor sit amet, consectetur adipiscing elit. Duo Reges: constructio interrete. Ergo illi intellegunt quid Epicurus dicat, ego non intellego? Bonum incolumis acies: misera caecitas. Tu vero, inquam, ducas licet, si sequetur; Minime vero istorum quidem, inquit. De illis, cum volemus. Si longus, levis. \n\n', NULL, '2020-03-26 19:46:45', '2020-04-07 13:23:52'),
(134, 'dpkpgqyapn', 'timiflfaghgcmscgeolz@gmail.com', '0000000000', 0x33313838383634323236, 'Lorem ipsum dolor sit amet, consectetur ', 'Lorem ipsum dolor sit amet, consectetur adipiscing elit. Primum in nostrane potestate est, quid meminerimus? Perge porro; Duo Reges: constructio interrete. Quare conare, quaeso. Cur post Tarentum ad Archytam? Quonam, inquit, modo? \n\n', NULL, '2020-03-26 19:46:47', '2020-04-07 13:23:52'),
(135, 'yzqkrmzapp', 'czdyuinfzorpekfcvcbj@gmail.com', '0000000000', 0x33313838383634323236, 'Lorem ipsum dolor sit amet, consectetur ', 'Lorem ipsum dolor sit amet, consectetur adipiscing elit. Iam id ipsum absurdum, maximum malum neglegi. Audeo dicere, inquit. Hoc mihi cum tuo fratre convenit. Nemo igitur esse beatus potest. \n\n', NULL, '2020-03-26 19:46:48', '2020-04-07 13:23:52'),
(136, 'wxewdxjkal', 'tcucwxzjpvrrsdvgbmfy@gmail.com', '0000000000', 0x33313838383634323236, 'Lorem ipsum dolor sit amet, consectetur ', 'Lorem ipsum dolor sit amet, consectetur adipiscing elit. Igitur neque stultorum quisquam beatus neque sapientium non beatus. Quam nemo umquam voluptatem appellavit, appellat; Si longus, levis; Quod totum contra est. Sed ille, ut dixi, vitiose. \n\n', NULL, '2020-03-26 19:46:49', '2020-04-07 13:23:52'),
(137, 'udggeluroi', 'yliakxiwgjhubjqwsbgt@gmail.com', '0000000000', 0x33313838383634323236, 'Lorem ipsum dolor sit amet, consectetur ', 'Lorem ipsum dolor sit amet, consectetur adipiscing elit. Idem adhuc; ALIO MODO. Memini vero, inquam; Duo Reges: constructio interrete. ALIO MODO. Nam ante Aristippus, et ille melius. \n\n', NULL, '2020-03-26 19:46:50', '2020-04-07 13:23:52'),
(138, 'avavvyvysw', 'nkqkilewkmbqpyhqgqjr@gmail.com', '0000000000', 0x33313838383634323236, 'Lorem ipsum dolor sit amet, consectetur ', 'Lorem ipsum dolor sit amet, consectetur adipiscing elit. Contineo me ab exemplis. Qui ita affectus, beatum esse numquam probabis; \n\n', NULL, '2020-03-26 19:46:51', '2020-04-07 13:23:52'),
(139, 'grcsuqnnhq', 'jjkepzpfyhfjtbtbqajk@gmail.com', '0000000000', 0x33313838383634323236, 'Lorem ipsum dolor sit amet, consectetur ', 'Lorem ipsum dolor sit amet, consectetur adipiscing elit. Rhetorice igitur, inquam, nos mavis quam dialectice disputare? Universa enim illorum ratione cum tota vestra confligendum puto. Ut id aliis narrare gestiant? Duo Reges: constructio interrete. Tibi hoc incredibile, quod beatissimum. Graccho, eius fere, aequalí? Cum id fugiunt, re eadem defendunt, quae Peripatetici, verba. Nihil opus est exemplis hoc facere longius. \n\n', NULL, '2020-03-26 19:46:52', '2020-04-07 13:23:46'),
(140, 'kcodrbiarc', 'uiehdnenesswhuxjudcw@gmail.com', '0000000000', 0x33313838383634323236, 'Lorem ipsum dolor sit amet, consectetur ', 'Lorem ipsum dolor sit amet, consectetur adipiscing elit. Quasi ego id curem, quid ille aiat aut neget. Minime vero istorum quidem, inquit. Quod quidem iam fit etiam in Academia. Egone quaeris, inquit, quid sentiam? Quae cum essent dicta, discessimus. Quae cum dixisset paulumque institisset, Quid est? \n\n', NULL, '2020-03-26 19:46:53', '2020-04-07 13:23:46'),
(141, 'bsvjybyowe', 'fcdbvuekbwcgcwzirdgn@gmail.com', '0000000000', 0x33313838383634323236, 'Lorem ipsum dolor sit amet, consectetur ', 'Lorem ipsum dolor sit amet, consectetur adipiscing elit. Tum mihi Piso: Quid ergo? Quibusnam praeteritis? Quid nunc honeste dicit? Bestiarum vero nullum iudicium puto. Negat enim summo bono afferre incrementum diem. \n\n', NULL, '2020-03-26 19:46:55', '2020-04-07 13:23:46'),
(142, 'qrkapforkb', 'lnqlmpkqoavdaltsfxep@gmail.com', '0000000000', 0x33313838383634323236, 'Lorem ipsum dolor sit amet, consectetur ', 'Lorem ipsum dolor sit amet, consectetur adipiscing elit. Res enim concurrent contrariae. Quibus ego vehementer assentior. Duo Reges: constructio interrete. Nonne igitur tibi videntur, inquit, mala? Quid censes in Latino fore? At multis se probavit. \n\n', NULL, '2020-03-26 19:46:56', '2020-04-07 13:23:46'),
(143, 'xtrynwomkj', 'azoaqfkmohccbodunosz@gmail.com', '0000000000', 0x33313838383634323236, 'Lorem ipsum dolor sit amet, consectetur ', 'Lorem ipsum dolor sit amet, consectetur adipiscing elit. Sed ego in hoc resisto; Sed hoc sane concedamus. Si enim ad populum me vocas, eum. Sumenda potius quam expetenda. Quae cum dixisset paulumque institisset, Quid est? Duo Reges: constructio interrete. Memini vero, inquam; Sed plane dicit quod intellegit. \n\n', NULL, '2020-03-26 19:46:57', '2020-04-07 13:23:46'),
(144, 'lthqvaehar', 'rhkqrfzwaimqwerwjese@gmail.com', '0000000000', 0x33313838383634323236, 'Lorem ipsum dolor sit amet, consectetur ', 'Lorem ipsum dolor sit amet, consectetur adipiscing elit. Cum audissem Antiochum, Brute, ut solebam, cum M. Qui est in parvis malis. Quamquam te quidem video minime esse deterritum. Sed haec nihil sane ad rem; Facillimum id quidem est, inquam. Beatus sibi videtur esse moriens. \n\n', NULL, '2020-03-26 19:46:58', '2020-04-07 13:23:46'),
(145, 'cvwzwxufuv', 'pbwqnpjdconcawlxtwux@gmail.com', '0000000000', 0x33313838383634323236, 'Lorem ipsum dolor sit amet, consectetur ', 'Lorem ipsum dolor sit amet, consectetur adipiscing elit. Sed haec omittamus; Quamquam te quidem video minime esse deterritum. Quid enim de amicitia statueris utilitatis causa expetenda vides. Duo Reges: constructio interrete. Certe, nisi voluptatem tanti aestimaretis. Sed nimis multa. \n\n', NULL, '2020-03-26 19:46:59', '2020-04-07 13:23:46'),
(146, 'qsrkgckcru', 'cimcbayxdnktrkwwvjay@gmail.com', '0000000000', 0x33313838383634323236, 'Lorem ipsum dolor sit amet, consectetur ', 'Lorem ipsum dolor sit amet, consectetur adipiscing elit. Haec quo modo conveniant, non sane intellego. Quid, quod res alia tota est? Pauca mutat vel plura sane; Non risu potius quam oratione eiciendum? \n\n', NULL, '2020-03-26 19:47:00', '2020-04-07 13:23:46'),
(147, 'wjjvpxtbhc', 'cooxobmncfjivdhtrqfj@gmail.com', '0000000000', 0x33313838383634323236, 'Lorem ipsum dolor sit amet, consectetur ', 'Lorem ipsum dolor sit amet, consectetur adipiscing elit. Quis hoc dicit? Multoque hoc melius nos veriusque quam Stoici. Immo alio genere; Istam voluptatem perpetuam quis potest praestare sapienti? Duo Reges: constructio interrete. Moriatur, inquit. Cupiditates non Epicuri divisione finiebat, sed sua satietate. \n\n', NULL, '2020-03-26 19:47:02', '2020-04-07 13:23:46'),
(148, 'mnfomcsoef', 'himjtwmymiwlpgezsdye@gmail.com', '0000000000', 0x33313838383634323236, 'Lorem ipsum dolor sit amet, consectetur ', 'Lorem ipsum dolor sit amet, consectetur adipiscing elit. Sed fac ista esse non inportuna; Confecta res esset. \n\n', NULL, '2020-03-26 19:47:04', '2020-04-07 13:23:46'),
(149, 'qttoyunsnq', 'aiarqfxrjnwqkevaquil@gmail.com', '0000000000', 0x33313838383634323236, 'Lorem ipsum dolor sit amet, consectetur ', 'Lorem ipsum dolor sit amet, consectetur adipiscing elit. Theophrasti igitur, inquit, tibi liber ille placet de beata vita? At hoc in eo M. Suo genere perveniant ad extremum; Duo Reges: constructio interrete. Facillimum id quidem est, inquam. Cur id non ita fit? Frater et T. \n\n', NULL, '2020-03-26 19:47:05', '2020-04-07 13:23:44'),
(150, 'mrirjjbpup', 'dwypisjvszawwqeaxqir@gmail.com', '0000000000', 0x33313838383634323236, 'Lorem ipsum dolor sit amet, consectetur ', 'Lorem ipsum dolor sit amet, consectetur adipiscing elit. Scaevolam M. Inde igitur, inquit, ordiendum est. Quid autem habent admirationis, cum prope accesseris? Duo Reges: constructio interrete. \n\n', NULL, '2020-03-26 19:47:08', '2020-04-07 13:23:44'),
(151, 'dxubwkvzvz', 'sawcvfytykpnnwvdtqrd@gmail.com', '0000000000', 0x33313838383634323236, 'Lorem ipsum dolor sit amet, consectetur ', 'Lorem ipsum dolor sit amet, consectetur adipiscing elit. Tollenda est atque extrahenda radicitus. Estne, quaeso, inquam, sitienti in bibendo voluptas? \n\n', NULL, '2020-03-26 19:47:09', '2020-04-07 13:23:44'),
(152, 'gxvucioozl', 'enydqssvecnsvelfnvid@gmail.com', '0000000000', 0x33313838383634323236, 'Lorem ipsum dolor sit amet, consectetur ', 'Lorem ipsum dolor sit amet, consectetur adipiscing elit. Negat esse eam, inquit, propter se expetendam. Hoc mihi cum tuo fratre convenit. Sed ille, ut dixi, vitiose. An eiusdem modi? \n\n', NULL, '2020-03-26 19:47:10', '2020-04-07 13:23:44'),
(153, 'imujtkqjuw', 'ehtsgkejpxnibvxaeqvw@gmail.com', '0000000000', 0x33313838383634323236, 'Lorem ipsum dolor sit amet, consectetur ', 'Lorem ipsum dolor sit amet, consectetur adipiscing elit. Igitur neque stultorum quisquam beatus neque sapientium non beatus. Quantum Aristoxeni ingenium consumptum videmus in musicis? \n\n', NULL, '2020-03-26 19:47:11', '2020-04-07 13:23:44'),
(154, 'lkgdxnltpj', 'tkrpuaxlfqbdufypvvmh@gmail.com', '0000000000', 0x33313838383634323236, 'Lorem ipsum dolor sit amet, consectetur ', 'Lorem ipsum dolor sit amet, consectetur adipiscing elit. Igitur ne dolorem quidem. Tu vero, inquam, ducas licet, si sequetur; Aliter homines, aliter philosophos loqui putas oportere? Duo Reges: constructio interrete. \n\n', NULL, '2020-03-26 19:47:12', '2020-04-07 13:23:44'),
(155, 'wwgtjjxjph', 'vgchvfvnbofmlnlgsxiy@gmail.com', '0000000000', 0x33313838383634323236, 'Lorem ipsum dolor sit amet, consectetur ', 'Lorem ipsum dolor sit amet, consectetur adipiscing elit. Bonum incolumis acies: misera caecitas. Cur deinde Metrodori liberos commendas? Universa enim illorum ratione cum tota vestra confligendum puto. Cui Tubuli nomen odio non est? Iam in altera philosophiae parte. \n\n', NULL, '2020-03-26 19:47:13', '2020-04-07 13:23:44'),
(156, 'jjgvzvbzcn', 'qxuunpajekayqeawmniy@gmail.com', '0000000000', 0x33313838383634323236, 'Lorem ipsum dolor sit amet, consectetur ', 'Lorem ipsum dolor sit amet, consectetur adipiscing elit. Avaritiamne minuis? Quae est igitur causa istarum angustiarum? Quae diligentissime contra Aristonem dicuntur a Chryippo. \n\n', NULL, '2020-03-26 19:47:15', '2020-04-07 13:23:44'),
(157, 'iudddsafkp', 'jfckdbhpnmafabxbhech@gmail.com', '0000000000', 0x33313838383634323236, 'Lorem ipsum dolor sit amet, consectetur ', 'Lorem ipsum dolor sit amet, consectetur adipiscing elit. Addidisti ad extremum etiam indoctum fuisse. Certe non potest. Sed ea mala virtuti magnitudine obruebantur. Duo Reges: constructio interrete. \n\n', NULL, '2020-03-26 19:47:16', '2020-04-07 13:23:44'),
(158, 'zlcvusidui', 'icvyoryawkctpxhndqgh@gmail.com', '0000000000', 0x33313838383634323236, 'Lorem ipsum dolor sit amet, consectetur ', 'Lorem ipsum dolor sit amet, consectetur adipiscing elit. Aliter enim nosmet ipsos nosse non possumus. Eaedem res maneant alio modo. Sed haec omittamus; Quo igitur, inquit, modo? Ad eas enim res ab Epicuro praecepta dantur. Duo Reges: constructio interrete. \n\n', NULL, '2020-03-26 19:47:17', '2020-04-07 13:23:44'),
(159, 'nbeqiacgld', 'tkrniqjzkxmtgawvsvnb@gmail.com', '0000000000', 0x33313838383634323236, 'Lorem ipsum dolor sit amet, consectetur ', 'Lorem ipsum dolor sit amet, consectetur adipiscing elit. Quo modo autem philosophus loquitur? Sed ad rem redeamus; \n\n', NULL, '2020-03-26 19:47:18', '2020-04-07 13:23:42'),
(160, 'ujdehlynls', 'aslqpztgpkbyrztlmika@gmail.com', '0000000000', 0x33313838383634323236, 'Lorem ipsum dolor sit amet, consectetur ', 'Lorem ipsum dolor sit amet, consectetur adipiscing elit. Minime vero, inquit ille, consentit. Sed mehercule pergrata mihi oratio tua. Aeque enim contingit omnibus fidibus, ut incontentae sint. Paria sunt igitur. Tubulo putas dicere? Duo Reges: constructio interrete. \n\n', NULL, '2020-03-26 19:47:19', '2020-04-07 13:23:42'),
(161, 'bhuzrxcxen', 'seriacgqkbxpbfvhnulr@gmail.com', '0000000000', 0x33313838383634323236, 'Lorem ipsum dolor sit amet, consectetur ', 'Lorem ipsum dolor sit amet, consectetur adipiscing elit. Immo alio genere; Cur deinde Metrodori liberos commendas? \n\n', NULL, '2020-03-26 19:47:20', '2020-04-07 13:23:42'),
(162, 'pqoesbutbu', 'pqrmwzulbuwgzhasntcd@gmail.com', '0000000000', 0x33313838383634323236, 'Lorem ipsum dolor sit amet, consectetur ', 'Lorem ipsum dolor sit amet, consectetur adipiscing elit. Quorum altera prosunt, nocent altera. Ita prorsus, inquam; Aliter enim nosmet ipsos nosse non possumus. \n\n', NULL, '2020-03-26 19:47:21', '2020-04-07 13:23:42'),
(163, 'qjmnndsxto', 'smxcimxdgcqamsaymshp@gmail.com', '0000000000', 0x33313838383634323236, 'Lorem ipsum dolor sit amet, consectetur ', 'Lorem ipsum dolor sit amet, consectetur adipiscing elit. Eaedem res maneant alio modo. Non igitur bene. Si longus, levis. Eadem nunc mea adversum te oratio est. Sed ad bona praeterita redeamus. Duo Reges: constructio interrete. Quae similitudo in genere etiam humano apparet. \n\n', NULL, '2020-03-26 19:47:22', '2020-04-07 13:23:42'),
(164, 'omhkyedgst', 'yxxjsmumjarsvgraajqf@gmail.com', '0000000000', 0x33313838383634323236, 'Lorem ipsum dolor sit amet, consectetur ', 'Lorem ipsum dolor sit amet, consectetur adipiscing elit. Sed residamus, inquit, si placet. Simus igitur contenti his. Utram tandem linguam nescio? Nemo igitur esse beatus potest. Qui convenit? Itaque his sapiens semper vacabit. \n\n', NULL, '2020-03-26 19:47:24', '2020-04-07 13:23:42'),
(165, 'abmhdnbebh', 'tlykzifxzyenhcxajraz@gmail.com', '0000000000', 0x33313838383634323236, 'Lorem ipsum dolor sit amet, consectetur ', 'Lorem ipsum dolor sit amet, consectetur adipiscing elit. Hoc non est positum in nostra actione. Sed ad bona praeterita redeamus. Simus igitur contenti his. Memini vero, inquam; \n\n', NULL, '2020-03-26 19:47:25', '2020-04-07 13:23:42'),
(166, 'cjetfvvahe', 'fqiuqugemnkrurrlhgtf@gmail.com', '0000000000', 0x33313838383634323236, 'Lorem ipsum dolor sit amet, consectetur ', 'Lorem ipsum dolor sit amet, consectetur adipiscing elit. Nihil opus est exemplis hoc facere longius. Quis istud, quaeso, nesciebat? Cur iustitia laudatur? Paulum, cum regem Persem captum adduceret, eodem flumine invectio? Duo Reges: constructio interrete. Comprehensum, quod cognitum non habet? An tu me de L. Neutrum vero, inquit ille. \n\n', NULL, '2020-03-26 19:47:26', '2020-04-07 13:23:42'),
(167, 'nmoatepabr', 'jocitiqkyctknrbecjvk@gmail.com', '0000000000', 0x33313838383634323236, 'Lorem ipsum dolor sit amet, consectetur ', 'Lorem ipsum dolor sit amet, consectetur adipiscing elit. Erat enim res aperta. Addidisti ad extremum etiam indoctum fuisse. Vestri haec verecundius, illi fortasse constantius. Quae est igitur causa istarum angustiarum? \n\n', NULL, '2020-03-26 19:47:28', '2020-04-07 13:23:42'),
(168, 'xvzflzdgwi', 'iduqddvfkdqhkeapnuno@gmail.com', '0000000000', 0x33313838383634323236, 'Lorem ipsum dolor sit amet, consectetur ', 'Lorem ipsum dolor sit amet, consectetur adipiscing elit. Duo Reges: constructio interrete. Quare attende, quaeso. Eadem fortitudinis ratio reperietur. Paria sunt igitur. \n\n', NULL, '2020-03-26 19:47:30', '2020-04-07 13:23:42'),
(169, 'ulujzjvwao', 'uqnuawljgvkmwzjqazsa@gmail.com', '0000000000', 0x33313838383634323236, 'Lorem ipsum dolor sit amet, consectetur ', 'Lorem ipsum dolor sit amet, consectetur adipiscing elit. Istam voluptatem, inquit, Epicurus ignorat? Nunc omni virtuti vitium contrario nomine opponitur. Summum a vobis bonum voluptas dicitur. Quibus ego vehementer assentior. Duo Reges: constructio interrete. Respondeat totidem verbis. Quippe: habes enim a rhetoribus; \n\n', NULL, '2020-03-26 19:47:33', '2020-04-07 13:23:40'),
(170, 'irzeyfzdys', 'kehryjrlvtfvbsqhopou@gmail.com', '0000000000', 0x33313838383634323236, 'Lorem ipsum dolor sit amet, consectetur ', 'Lorem ipsum dolor sit amet, consectetur adipiscing elit. Quamquam te quidem video minime esse deterritum. Quo modo autem philosophus loquitur? Quare conare, quaeso. Iam in altera philosophiae parte. Quid de Platone aut de Democrito loquar? Quonam modo? \n\n', NULL, '2020-03-26 19:47:35', '2020-04-07 13:23:40'),
(171, 'rxnbiacllc', 'qwbyijeccvnczwfevctt@gmail.com', '0000000000', NULL, 'Lorem ipsum dolor sit amet, consectetur ', 'Lorem ipsum dolor sit amet, consectetur adipiscing elit. Huius ego nunc auctoritatem sequens idem faciam. Primum quid tu dicis breve? Qua tu etiam inprudens utebare non numquam. Sed in rebus apertissimis nimium longi sumus. Duo Reges: constructio interrete. \n\n', NULL, '2020-03-26 19:47:37', '2020-04-03 15:50:34'),
(172, 'mpnkmxhlcl', 'qwgkuqdyxhxlpcmutdtp@gmail.com', '0000000000', NULL, 'Lorem ipsum dolor sit amet, consectetur ', 'Lorem ipsum dolor sit amet, consectetur adipiscing elit. Quid ait Aristoteles reliquique Platonis alumni? Sed in rebus apertissimis nimium longi sumus. Sin aliud quid voles, postea. De illis, cum volemus. Duo Reges: constructio interrete. Falli igitur possumus. \n\n', NULL, '2020-03-26 19:47:39', '2020-04-03 15:50:34'),
(173, 'nqozckcnjn', 'janvlikkhmxvzslhearn@gmail.com', '0000000000', NULL, 'Lorem ipsum dolor sit amet, consectetur ', 'Lorem ipsum dolor sit amet, consectetur adipiscing elit. Quae sequuntur igitur? Istic sum, inquit. Quae ista amicitia est? Esse enim, nisi eris, non potes. Eadem fortitudinis ratio reperietur. \n\n', NULL, '2020-03-26 19:47:41', '2020-04-03 15:50:34'),
(174, 'jjfxotihgr', 'pnccdvrwpzadhfbbehfe@gmail.com', '0000000000', NULL, 'Lorem ipsum dolor sit amet, consectetur ', 'Lorem ipsum dolor sit amet, consectetur adipiscing elit. Et non ex maxima parte de tota iudicabis? Non quam nostram quidem, inquit Pomponius iocans; \n\n', NULL, '2020-03-26 19:47:43', '2020-04-03 15:50:34'),
(175, 'oqjnkulhjk', 'suotlyntujmnordfqymo@gmail.com', '0000000000', NULL, 'Lorem ipsum dolor sit amet, consectetur ', 'Lorem ipsum dolor sit amet, consectetur adipiscing elit. De quibus cupio scire quid sentias. At iste non dolendi status non vocatur voluptas. Haeret in salebra. Et quod est munus, quod opus sapientiae? Negare non possum. Traditur, inquit, ab Epicuro ratio neglegendi doloris. \n\n', NULL, '2020-03-26 19:47:44', '2020-04-03 15:50:34'),
(176, 'kynbkezqrn', 'tpnlkzjwjgadxbsyjzjb@gmail.com', '0000000000', NULL, 'Lorem ipsum dolor sit amet, consectetur ', 'Lorem ipsum dolor sit amet, consectetur adipiscing elit. Omnia contraria, quos etiam insanos esse vultis. Quae diligentissime contra Aristonem dicuntur a Chryippo. Duo Reges: constructio interrete. Nam de isto magna dissensio est. \n\n', NULL, '2020-03-26 19:47:45', '2020-04-03 15:50:34'),
(177, 'vkftkrlrre', 'vdrsbzzytapyzmrldqao@gmail.com', '0000000000', NULL, 'Lorem ipsum dolor sit amet, consectetur ', 'Lorem ipsum dolor sit amet, consectetur adipiscing elit. Restinguet citius, si ardentem acceperit. Quod non faceret, si in voluptate summum bonum poneret. Sed ad bona praeterita redeamus. Hanc quoque iucunditatem, si vis, transfer in animum; \n\n', NULL, '2020-03-26 19:47:47', '2020-04-03 15:50:34'),
(178, 'yrlirqubex', 'eheqxlddtuedqnumecyv@gmail.com', '0000000000', NULL, 'Lorem ipsum dolor sit amet, consectetur ', 'Lorem ipsum dolor sit amet, consectetur adipiscing elit. Primum quid tu dicis breve? Age sane, inquam. \n\n', NULL, '2020-03-26 19:47:48', '2020-04-03 15:50:34'),
(179, 'sqrpwgnujd', 'ybtxplddbpiniqocmojp@gmail.com', '0000000000', NULL, 'Lorem ipsum dolor sit amet, consectetur ', 'Lorem ipsum dolor sit amet, consectetur adipiscing elit. Estne, quaeso, inquam, sitienti in bibendo voluptas? Suo genere perveniant ad extremum; \n\n', NULL, '2020-03-26 19:47:49', '2020-04-03 15:50:34'),
(180, 'gsysguopvn', 'ptbwoncrffqgemdcvjqc@gmail.com', '0000000000', NULL, 'Lorem ipsum dolor sit amet, consectetur ', 'Lorem ipsum dolor sit amet, consectetur adipiscing elit. Quid ad utilitatem tantae pecuniae? Quo modo autem philosophus loquitur? Nihil minus, contraque illa hereditate dives ob eamque rem laetus. Sedulo, inquam, faciam. Post enim Chrysippum eum non sane est disputatum. Venit ad extremum; Efficiens dici potest. Duo Reges: constructio interrete. \n\n', NULL, '2020-03-26 19:47:50', '2020-04-03 15:50:34'),
(181, 'llpwrxqquy', 'uiljevhudngqmkozjpor@gmail.com', '0000000000', 0x33313838383634323236, 'Lorem ipsum dolor sit amet, consectetur ', 'Lorem ipsum dolor sit amet, consectetur adipiscing elit. Duo Reges: constructio interrete. Contemnit enim disserendi elegantiam, confuse loquitur. Sint ista Graecorum; Videsne, ut haec concinant? Eaedem res maneant alio modo. Tollenda est atque extrahenda radicitus. \n\n', NULL, '2020-03-26 19:47:51', '2020-04-07 13:23:40'),
(182, 'soelmontpg', 'codljnhbchgximsrcfco@gmail.com', '0000000000', 0x33313838383634323236, 'Lorem ipsum dolor sit amet, consectetur ', 'Lorem ipsum dolor sit amet, consectetur adipiscing elit. Quae hic rei publicae vulnera inponebat, eadem ille sanabat. Quis hoc dicit? Tecum optime, deinde etiam cum mediocri amico. Duo Reges: constructio interrete. Sed erat aequius Triarium aliquid de dissensione nostra iudicare. At hoc in eo M. Memini me adesse P. \n\n', NULL, '2020-03-26 19:47:52', '2020-04-07 13:23:40'),
(183, 'yzdalcalxa', 'ydzpcqoiwabkgmwojxxk@gmail.com', '0000000000', NULL, 'Lorem ipsum dolor sit amet, consectetur ', 'Lorem ipsum dolor sit amet, consectetur adipiscing elit. Et nemo nimium beatus est; Qui non moveatur et offensione turpitudinis et comprobatione honestatis? \n\n', NULL, '2020-03-26 19:47:53', '2020-04-02 10:23:53'),
(184, 'scxytlscbv', 'txfswioeihhaxridsljg@gmail.com', '0000000000', NULL, 'Lorem ipsum dolor sit amet, consectetur ', 'Lorem ipsum dolor sit amet, consectetur adipiscing elit. Ita prorsus, inquam; Sed tamen intellego quid velit. Tum Torquatus: Prorsus, inquit, assentior; \n\n', NULL, '2020-03-26 19:47:54', '2020-04-02 10:23:53'),
(185, 'aykknvlfgb', 'qknlkjufzasmncssvwhb@gmail.com', '0000000000', NULL, 'Lorem ipsum dolor sit amet, consectetur ', 'Lorem ipsum dolor sit amet, consectetur adipiscing elit. An est aliquid, quod te sua sponte delectet? Duo Reges: constructio interrete. Tibi hoc incredibile, quod beatissimum. Animum autem reliquis rebus ita perfecit, ut corpus; Hos contra singulos dici est melius. \n\n', NULL, '2020-03-26 19:47:57', '2020-04-02 10:23:53'),
(186, 'urfiybgwon', 'zemrqwkxazeslgguvqqf@gmail.com', '0000000000', NULL, 'Lorem ipsum dolor sit amet, consectetur ', 'Lorem ipsum dolor sit amet, consectetur adipiscing elit. A mene tu? Nam Pyrrho, Aristo, Erillus iam diu abiecti. Qui ita affectus, beatum esse numquam probabis; De hominibus dici non necesse est. Duo Reges: constructio interrete. Non laboro, inquit, de nomine. \n\n', NULL, '2020-03-26 19:47:58', '2020-04-02 10:23:53'),
(187, 'kpoxereoxv', 'zbhwgvkfbgrswrasmtfp@gmail.com', '0000000000', NULL, 'Lorem ipsum dolor sit amet, consectetur ', 'Lorem ipsum dolor sit amet, consectetur adipiscing elit. Quid de Pythagora? Duo Reges: constructio interrete. Istam voluptatem, inquit, Epicurus ignorat? \n\n', NULL, '2020-03-26 19:47:59', '2020-04-02 10:23:53'),
(188, 'guybltvwwc', 'siczgvidadkbqjrvorec@gmail.com', '0000000000', NULL, 'Lorem ipsum dolor sit amet, consectetur ', 'Lorem ipsum dolor sit amet, consectetur adipiscing elit. Praeteritis, inquit, gaudeo. Quae cum dixisset, finem ille. Quae duo sunt, unum facit. Igitur ne dolorem quidem. Duo Reges: constructio interrete. \n\n', NULL, '2020-03-26 19:48:00', '2020-04-02 10:23:53'),
(189, 'pjvqjesjxx', 'usnskahnddyidvkbrpby@gmail.com', '0000000000', NULL, 'Lorem ipsum dolor sit amet, consectetur ', 'Lorem ipsum dolor sit amet, consectetur adipiscing elit. Sed ea mala virtuti magnitudine obruebantur. Ille enim occurrentia nescio quae comminiscebatur; Erat enim res aperta. Hic nihil fuit, quod quaereremus. Huius ego nunc auctoritatem sequens idem faciam. Nescio quo modo praetervolavit oratio. \n\n', NULL, '2020-03-26 19:48:02', '2020-04-02 10:23:53'),
(190, 'hqaudtxbsj', 'jhtvwdztokukiyduvgds@gmail.com', '0000000000', NULL, 'Lorem ipsum dolor sit amet, consectetur ', 'Lorem ipsum dolor sit amet, consectetur adipiscing elit. Quid igitur, inquit, eos responsuros putas? At certe gravius. Quamquam tu hanc copiosiorem etiam soles dicere. Quae duo sunt, unum facit. Sequitur disserendi ratio cognitioque naturae; Quae sequuntur igitur? \n\n', NULL, '2020-03-26 19:48:03', '2020-04-02 10:23:53'),
(191, 'vqcxurdzil', 'xzmeciuphhbmdcafyqro@gmail.com', '0000000000', NULL, 'Lorem ipsum dolor sit amet, consectetur ', 'Lorem ipsum dolor sit amet, consectetur adipiscing elit. Itaque hic ipse iam pridem est reiectus; Duo Reges: constructio interrete. Quis non odit sordidos, vanos, leves, futtiles? Primum quid tu dicis breve? \n\n', NULL, '2020-03-26 19:48:04', '2020-04-02 10:23:53'),
(192, 'kaaijwbvus', 'cvbawvgvpmkcasafmpvr@gmail.com', '0000000000', NULL, 'Lorem ipsum dolor sit amet, consectetur ', 'Lorem ipsum dolor sit amet, consectetur adipiscing elit. Quae ista amicitia est? Eadem nunc mea adversum te oratio est. Ostendit pedes et pectus. Quid sequatur, quid repugnet, vident. Expectoque quid ad id, quod quaerebam, respondeas. \n\n', NULL, '2020-03-26 19:48:06', '2020-04-02 10:23:53'),
(193, 'pwosgsisnx', 'hyjskekdirxwmlrhiemd@gmail.com', '0000000000', 0x33313838383634323236, 'Lorem ipsum dolor sit amet, consectetur ', 'Lorem ipsum dolor sit amet, consectetur adipiscing elit. Quonam, inquit, modo? Vitiosum est enim in dividendo partem in genere numerare. Torquatus, is qui consul cum Cn. Cur deinde Metrodori liberos commendas? Duo Reges: constructio interrete. Quid ergo? Neutrum vero, inquit ille. \n\n', NULL, '2020-03-26 19:48:07', '2020-04-07 13:23:40'),
(194, 'ausyflsmii', 'fkixiwfatwteduuqpmxc@gmail.com', '0000000000', 0x33313838383634323236, 'Lorem ipsum dolor sit amet, consectetur ', 'Lorem ipsum dolor sit amet, consectetur adipiscing elit. Ostendit pedes et pectus. Sedulo, inquam, faciam. Quis istud, quaeso, nesciebat? Quamquam id quidem, infinitum est in hac urbe; Quae ista amicitia est? \n\n', NULL, '2020-03-26 19:48:08', '2020-04-07 13:23:40'),
(195, 'zaiboctzhd', 'jpehersyrimntelyhvyp@gmail.com', '0000000000', 0x33313838383634323236, 'Lorem ipsum dolor sit amet, consectetur ', 'Lorem ipsum dolor sit amet, consectetur adipiscing elit. Graece donan, Latine voluptatem vocant. Id Sextilius factum negabat. A mene tu? \n\n', NULL, '2020-03-26 19:48:09', '2020-04-07 13:23:40'),
(196, 'guefpqzvhw', 'ujcgrcpeumpuknywnqne@gmail.com', '0000000000', 0x33313838383634323236, 'Lorem ipsum dolor sit amet, consectetur ', 'Lorem ipsum dolor sit amet, consectetur adipiscing elit. Quorum altera prosunt, nocent altera. Confecta res esset. \n\n', NULL, '2020-03-26 19:48:10', '2020-04-07 13:23:40'),
(197, 'omocnuxlsm', 'fmsxofyrottckvbmejmf@gmail.com', '0000000000', 0x33313838383634323236, 'Lorem ipsum dolor sit amet, consectetur ', 'Lorem ipsum dolor sit amet, consectetur adipiscing elit. Quae quidem sapientes sequuntur duce natura tamquam videntes; Apparet statim, quae sint officia, quae actiones. Quid igitur, inquit, eos responsuros putas? Duo Reges: constructio interrete. \n\n', NULL, '2020-03-26 19:48:12', '2020-04-07 13:23:40'),
(198, 'qayjfelwne', 'dcoaqmkhkmejwpwthqkm@gmail.com', '0000000000', 0x33313838383634323236, 'Lorem ipsum dolor sit amet, consectetur ', 'Lorem ipsum dolor sit amet, consectetur adipiscing elit. Illi enim inter se dissentiunt. At enim sequor utilitatem. Videamus igitur sententias eorum, tum ad verba redeamus. Duo Reges: constructio interrete. \n\n', NULL, '2020-03-26 19:48:13', '2020-04-07 13:23:28'),
(199, 'nuiekuoqol', 'pzbvelevkvmgvjdxrtwa@gmail.com', '0000000000', 0x33313838383634323236, 'Lorem ipsum dolor sit amet, consectetur ', 'Lorem ipsum dolor sit amet, consectetur adipiscing elit. Cupiditates non Epicuri divisione finiebat, sed sua satietate. Quantum Aristoxeni ingenium consumptum videmus in musicis? Duo Reges: constructio interrete. Quis istud possit, inquit, negare? Tum mihi Piso: Quid ergo? Quam si explicavisset, non tam haesitaret. Quodcumque in mentem incideret, et quodcumque tamquam occurreret. Multoque hoc melius nos veriusque quam Stoici. \n\n', NULL, '2020-03-26 19:48:14', '2020-04-07 13:23:28'),
(200, 'Pepito', 'pepe567@gmail.com', '10204005', 0x33313838383634323236, 'Importante !!!!!!!!!!!', 'Muy importante mensaje de pedido de ayuda\r\n', NULL, '2020-03-26 19:48:15', '2020-04-07 13:23:28'),
(201, 'tito flores', 'tito@elcapo.com', '4520000', 0x33313838383634323236, 'ascensores', 'Quisiera preguntar sobre bla bla bla', NULL, '2020-03-28 22:33:29', '2020-04-07 13:23:28'),
(202, 'rrr hh', 'uub@ggg.cin', '5555', 0x33313838383634323236, 'ascensores', 'fff fff  fff', NULL, '2020-03-28 22:35:54', '2020-04-07 13:23:28'),
(203, 'Pablo B', 'boctulus@gmail.com', '666', 0x33313838383634323236, 'administración general', 'yo solo pregunto', NULL, '2020-03-29 00:04:02', '2020-04-07 13:23:28'),
(204, 'EL MASTER', 'nano@ggg.com', '777777', 0x33313838383634323236, 'limpieza', 'BUENO Yoooooooooooooooo', NULL, '2020-03-29 00:22:07', '2020-04-07 13:23:28'),
(205, 'MABEL S', 'mabel@hotmail.com', '88888888888', 0x33313838383634323236, 'mantenimiento general', 'BB  AA  ANANA', NULL, '2020-03-29 00:23:45', '2020-04-07 13:23:28'),
(206, 'Juan Perez', 'perez@gmail.com', NULL, NULL, 'algun tema', 'Bla bla', NULL, '2020-03-29 00:34:18', '2020-04-03 15:50:04'),
(207, 'Juan Perez', 'perez@gmail.com', NULL, NULL, 'algun tema', 'Bla bla', NULL, '2020-03-29 00:35:09', '2020-04-03 15:50:04'),
(209, 'Juan Perez', 'perez@gmail.com', NULL, NULL, 'algun tema', 'Bla bla', NULL, '2020-03-29 00:41:44', '2020-04-03 15:50:04'),
(210, 'Juan Perez', 'perez@gmail.com', NULL, 0x33303531383430333536, 'algun tema', 'Bla bla', NULL, '2020-03-29 09:20:50', '2020-04-07 02:10:29'),
(211, 'Juan Perez', 'perez@gmail.com', NULL, 0x33303531383430333536, 'algun tema', 'Bla bla', NULL, '2020-03-29 09:21:38', '2020-04-07 02:10:29'),
(212, 'Juan Perez', 'perez@gmail.com', NULL, 0x33303531383430333536, 'algun tema', 'Bla bla', NULL, '2020-03-29 09:29:29', '2020-04-07 02:10:29'),
(213, 'Juan Perez', 'perez@gmail.com', NULL, 0x33303531383430333536, 'algun tema', 'Bla bla', NULL, '2020-03-29 09:30:23', '2020-04-07 02:10:29'),
(214, 'Pipo Pescador', 'tester3@g.com', '77777', 0x33313838383634323236, 'administración general', 'Solo estoy probando', NULL, '2020-04-02 14:29:25', '2020-04-07 13:23:28'),
(215, 'Juan perez', 'boctulus@gmail.com', '555-555-5555', 0x33313838383634323236, 'administración general', 'Que tal? solo quería figurar xD', NULL, '2020-04-06 17:13:25', '2020-04-07 13:23:40'),
(216, 'Pablo B', 'boctulus@gmail.com', '452-0000', 0x33303531383430333536, 'Sistema', 'Juan: AHORA SI CAMBIAS LA DIRECCIÓN SE ACTUALIZA EN EL MAPA y además el robot conoce la nueva direccion, telefono o correo que pongas y lo informa ;)', NULL, '2020-04-07 16:10:07', NULL),
(217, 'Pablo B', 'boctulus@gmail.com', '452-0000', 0x33303531383430333536, 'administración general', 'Juan: ya arreglé el problema de que no se podían habilitar / deshabilitar los posts.\r\n\r\nSaludos!', NULL, '2020-04-07 20:52:45', NULL),
(218, 'Pablo B', 'boctulus@gmail.com', '555-555-5555', 0x33303531383430333536, 'administración general', 'Juan: no se si fui yo por error... o si fuistes vos... pero estaban deshabilitados todos los servicios. Recuerda que si se deshabilitan todos (incl. ADMIN GENERAL) ni siquiera va a funcionar el form de contacto.\n\nAbrazo', NULL, '2020-04-08 02:04:51', NULL),
(219, 'Pablo B', 'boctulus@gmail.com', '555-555-5555', 0x33303531383430333536, 'administración general', 'LISTO! ya está el cambio en \"BOLETAS\" para los copropietarios con el nuevo filtro :)', NULL, '2020-04-08 12:54:46', NULL);

-- --------------------------------------------------------

--
-- Estructura de tabla para la tabla `other_permissions`
--

CREATE TABLE `other_permissions` (
  `id` int(11) NOT NULL,
  `folder_id` int(11) NOT NULL,
  `belongs_to` int(11) NOT NULL,
  `guest` tinyint(4) NOT NULL DEFAULT '0',
  `r` tinyint(4) NOT NULL,
  `w` tinyint(4) NOT NULL
) ENGINE=InnoDB DEFAULT CHARSET=utf8;

-- --------------------------------------------------------

--
-- Estructura de tabla para la tabla `permissions`
--

CREATE TABLE `permissions` (
  `id` int(11) NOT NULL,
  `tb` varchar(80) COLLATE utf16_spanish_ci NOT NULL,
  `can_create` tinyint(4) NOT NULL DEFAULT '0',
  `can_read` tinyint(4) NOT NULL DEFAULT '0',
  `can_update` tinyint(4) NOT NULL DEFAULT '0',
  `can_delete` tinyint(4) NOT NULL DEFAULT '0',
  `user_id` int(11) NOT NULL,
  `created_at` datetime NOT NULL,
  `updated_at` datetime DEFAULT NULL
) ENGINE=InnoDB DEFAULT CHARSET=utf16 COLLATE=utf16_spanish_ci;

--
-- Volcado de datos para la tabla `permissions`
--

INSERT INTO `permissions` (`id`, `tb`, `can_create`, `can_read`, `can_update`, `can_delete`, `user_id`, `created_at`, `updated_at`) VALUES
(38, 'files', 0, 1, 0, 0, 334, '0000-00-00 00:00:00', NULL);

-- --------------------------------------------------------

--
-- Estructura de tabla para la tabla `posts`
--

CREATE TABLE `posts` (
  `id` int(11) NOT NULL,
  `title` varchar(80) NOT NULL,
  `content` text NOT NULL,
  `slug` varchar(80) NOT NULL,
  `enabled` tinyint(4) DEFAULT '1',
  `created_at` datetime NOT NULL,
  `updated_at` datetime DEFAULT NULL,
  `deleted_at` datetime DEFAULT NULL
) ENGINE=InnoDB DEFAULT CHARSET=utf8;

--
-- Volcado de datos para la tabla `posts`
--

INSERT INTO `posts` (`id`, `title`, `content`, `slug`, `enabled`, `created_at`, `updated_at`, `deleted_at`) VALUES
(11, '¿Qué es un consorcio?', '<p>El sector inmobiliario en la ciudad de México esta en crecimiento, la falta de espacios para vivienda se reduce por lo que vivir en consorcios es cada vez mas frecuente, pero ¿Qué es un consorcio? </p><p><br></p><p>El inmueble que como propiedad privada reúne un derecho singular y exclusivo sobre una unidad de propiedad exclusiva (departamento, casa o local) y un derecho de copropiedad sobre elementos y partes comunes (terreno, cimientos, estructura, muros de carga, techos, azoteas, fachadas, patios, jardines, andadores, vestíbulos, escaleras y sus cubos, equipos e instalaciones, etc.).</p><p><br></p><p><img src=\"/blog/que-es-un-consorcio.jpeg\"></p><p><br></p><p>Los consorcios de acuerdo con sus características de estructura y uso, pueden ser:</p><p><br></p><p>Por su estructura.</p><p><br></p><ol><li>Condominio vertical: el inmueble edificado de forma vertical en varios niveles en un terreno común, con unidades de propiedad exclusiva y derechos de copropiedad sobre el suelo y demás elementos y partes comunes para su uso y disfrute.</li><li>Condominio horizontal: el inmueble con construcción horizontal donde el consorcista tiene derecho de uso exclusivo de parte de un terreno y es propietario de la edificación establecida en el mismo, pudiendo compartir o no su estructura y medianería, siendo titular de un derecho de copropiedad para el uso y disfrute de las áreas del terreno, construcciones e instalaciones destinadas al uso común.</li><li>Condominio mixto: formado por consorcios verticales y horizontales, que pueden estar constituidos en grupos de unidades de propiedad exclusiva como: edificios, cuerpos, torres, manzanas, secciones o zonas.</li></ol><p><br></p><p>Por su uso.</p><p><br></p><ol><li>Habitacional: aquellos en los que las unidades de propiedad exclusiva están destinadas a la vivienda.</li><li>Comercial o de servicios: aquellos en los que las unidades de propiedad exclusivas están destinadas al giro o servicio que corresponda según su actividad.</li><li>Industrial: aquellos en donde las unidades de propiedad exclusiva se destinan a actividades propias del ramo.</li><li>Mixtos: aquellos en donde las unidades de propiedad exclusiva se destinan a dos o más de los usos señalados en los incisos anteriores.</li></ol>', 'que-es-un-consorcio', 0, '2020-03-26 11:00:08', '2020-03-26 16:08:23', NULL),
(12, '¿Qué es una unidad de propiedad privativa?', '<h2>¿ Que es una unidad de propiedad privativa ?</h2><p><br></p><p>¿Que es una unidad de propiedad privativa? El departamento, casa o local y los elementos anexos que le corresponden sobre el cual un consorcista tiene derecho de propiedad y uso exclusivo.</p><p><br></p><p>Dentro de esos elementos anexos se pueden encontrar: cajones para estacionamiento, cuartos de servicio, baños, jaulas para tendido, lavaderos y cualquier otro que no sea elemento común y que forme parte de su unidad de propiedad exclusiva, según la Escritura Constitutiva del Régimen de Propiedad en Condominio.</p><p>\nCada consorcista, y en general los habitantes del consorcio, deben usar su unidad de propiedad exclusiva en forma ordenada y tranquila. No pueden, en consecuencia, destinarla a usos contrarios a su destino, ni hacerla servir a otros objetos que los contenidos expresamente en la Escritura Constitutiva del Régimen de Propiedad en Condominio.</p><p><br></p><p>Por consiguiente, el consorcista, su arrendatario o cesionario del uso están obligados a usar, gozar y disponer de la unidad de propiedad exclusiva, con las limitaciones de la Ley del Régimen de Propiedad en Condominio de Inmuebles para el Distrito Federal y las demás que establecen la Escritura Constitutiva del Régimen de Propiedad en Condominio y el Reglamento Interno del Condominio.</p><p><br></p><p>Para la venta de una unidad de propiedad exclusiva que se encuentre en arrendamiento, existen disposiciones legales sobre el derecho de preferencia para su adquisición, por lo cual es necesario informarse sobre el particular.</p><p><br></p><p><img src=\"/blog/que-es-una-unidad-de-propiedad-privativa.jpeg\"></p><p><br></p><p>Los consorcistas, y en general los habitantes del consorcio, al ocupar o hacer uso de sus unidades de propiedad exclusiva, deben abstenerse de:</p><p><br></p><ol><li>Realizar acto alguno que afecte la tranquilidad y comodidad de los demás consorcistas y ocupantes, o que comprometa la estabilidad, seguridad, salubridad o comodidad del consorcio, ni incurrir en omisiones que produzcan los mismos resultados.</li><li>Efectuar todo acto, en el exterior o en el interior, que impida o haga ineficaz la operación de los servicios comunes e instalaciones generales, estorbe o dificulte el uso de las áreas comunes o ponga en riesgo la seguridad o tranquilidad de los consorcistas u ocupantes.</li><li>Realizar obras, edificaciones, o modificaciones en el interior, como abrir claros, puertas o ventanas, entre otras, que afecten la estructura, muros de carga u otros elementos esenciales del edificio o que puedan perjudicar su estabilidad, seguridad, salubridad o comodidad.</li><li>Realizar obras o reparaciones en horarios nocturnos, días festivos o inhábiles, salvo en casos de fuerza mayor y previa notificación por escrito al <strong>Administrador del consorcio</strong>, quien debe avisar al resto de los consorcistas.</li><li>Decorar, pintar o realizar obras que modifiquen la fachada o las paredes exteriores desentonando con el conjunto o que contravenga lo establecido y aprobado por la Asamblea General de Condóminos.</li><li>Derribar o trasplantar árboles, cambiar el uso o naturaleza de las áreas verdes en contravención a lo estipulado en la Ley Ambiental del Distrito Federal, en la Escritura Constitutiva del Régimen de Propiedad en Condominio o en el Reglamento Interno del Condominio.</li><li>Delimitar o techar, con ningún tipo de material, los cajones para estacionamiento a menos que se tome el acuerdo en la Asamblea General de Condóminos.</li><li>Poseer animales que por su número, tamaño o naturaleza afecten las condiciones de seguridad, salubridad o comodidad del consorcio o de los consorcistas, de acuerdo a lo que establezca el Reglamento Interno del Condominio.</li></ol><p><br></p><p>El infractor de estas disposiciones, independientemente de las sanciones que establece la Ley de Propiedad en Condominio de Inmuebles, será responsable del pago de los gastos que se efectúen para reparar o restablecer los servicios e instalaciones de que se trate, así como de los daños y perjuicios que resultaren.</p><p><br></p><p>En los inmuebles cuya Escritura Constitutiva del Régimen de Propiedad en Condominio se establece como habitacional, no se permite ocupar las unidades de propiedad exclusiva para establecer oficinas, comercios, talleres o consultorios, debiendo tomar en cuenta y respetar esta disposición al adquirir, arrendar o vender una unidad de propiedad exclusiva.</p><p><br></p><p>Las faltas que se cometan en las áreas comunes a que se refiere la Ley de Propiedad en Condominio de Inmuebles para el Distrito Federal, son sancionados por la autoridad competente. Asimismo, la Procuraduría Social del Distrito Federal, a petición del <strong>Administrador o consorcista</strong> inconforme, puede intervenir en el ámbito de sus atribuciones.</p><p><br></p><p>La realización de las obras que requieran los entrepisos, suelos, pavimentos u otras divisiones colindantes, así como su costo, son obligatorias para los consorcistas colindantes siempre y cuando la realización de la obra no derive de un daño causado por uno de los consorcistas.</p><p><br></p><p>En los consorcios de construcción vertical, las obras que requieran los techos en su parte exterior y los sótanos son por cuenta de todos los consorcistas.</p><p><br></p><p>SI TE INTERESA CONOCER MAS DE NUESTRO SERVICIO VISITA ADMINISTRACIÓN DE CONSORCIOS</p>', 'que-es-una-unidad-de-propiedad-privativa', 0, '2020-03-26 11:00:08', '2020-03-26 16:06:41', NULL),
(13, '¿Cuáles son las áreas y bienes de propiedad común?', '<h2>¿Cuáles son las áreas y bienes de propiedad común?</h2><p>Son aquellas partes, instalaciones y equipos del consorcio que pertenecen en forma proindiviso a los consorcistas y su uso está regulado por la Ley de Propiedad en Condominio de Inmuebles para el Distrito Federal, la Escritura Constitutiva del Régimen de Propiedad en Condominio y el Reglamento Interno del Condominio: ¿Cuáles son las áreas y bienes de propiedad común?</p><ol><li>El terreno, cimientos, estructuras, sótanos, muros de carga, techos y azoteas de uso general.</li><li>Las puertas de entrada al consorcio, vestíbulos, galerías, corredores, escaleras, patios, jardines, plazas, senderos, calles interiores, instalaciones deportivas, de recreo, de recepción o reunión social y los espacios señalados para estacionamiento de vehículos, siempre que dichas áreas sean de uso general.</li><li>Los locales destinados a la administración, personal a cargo de la administración, conserje, vigilantes, bodega para artículos y enseres de limpieza y taller de mantenimiento, más los destinados a las instalaciones y equipos para servicios comunes.</li><li>Los locales y las obras de seguridad, de ornato, y zonas de carga en lo general, y otras semejantes, con excepción de los que sirvan exclusivamente a cada unidad de propiedad exclusiva;</li><li>Las obras, instalaciones, aparatos y demás equipos que sirvan de uso o disfrute común, tales como cuartos de máquinas, fosas, pozos, cisternas, tinacos, elevadores, montacargas, incineradores, estufas, hornos, bombas y motores; albañales, canales, conductos de distribución de agua, drenaje, calefacción, electricidad y gas.</li><li>Los entrepisos, muros y demás divisiones que compartan entre sí las unidades de propiedad exclusiva colindantes.</li><li>Otras partes del consorcio establecidas con tal carácter en la Escritura Constitutiva del Régimen de Propiedad en Condominio y en el Reglamento Interno del Condominio.</li></ol><p><img src=\'/blog/cuales-son-las-areas-y-bienes-de-propiedad-comun-300x156.jpg\'/></p><h2>Respetar la áreas comunes</h2><p>Es importante su respeto a las áreas y bienes comunes del consorcio, así como su correcto uso, lo cual le evitará diferencias con sus vecinos y ser reconvenido por el Administrador o el Comité de Vigilancia.</p><p>Ningún ocupante del consorcio puede obstaculizar o colocar objetos que dificulten el tránsito, uso, atenten contra la seguridad o signifiquen pretensión de ejercer dominio sobre las áreas o bienes comunes.</p><p>En los consorcios verticales, ningún consorcista independientemente de la ubicación de su unidad de propiedad exclusiva tiene más derechos que el resto de los consorcistas.</p><p>Salvo que lo establezca el Reglamento Interno del Condominio, los consorcistas de la planta baja no pueden hacer obras ni ocupar para su uso exclusivo o preferente sobre los demás consorcistas en los vestíbulos, sótanos, jardines, patios u otros espacios de esa planta considerados como comunes, incluidos los destinados a cubos de luz.</p><p>Así mismo, los consorcistas del último piso no pueden ocupar las azoteas ni elevar nuevas construcciones.</p><p>Las mismas restricciones son aplicables a los demás consorcistas.</p><h2>La copropiedad en el consorcio</h2><p>El derecho de copropiedad sobre los elementos comunes del consorcio es accesorio e indivisible del derecho de propiedad privativo sobre la unidad de propiedad exclusiva, por lo que no pueden ser enajenados, gravados o embargados separadamente de la misma unidad.<br>\r\n          Las construcciones en áreas comunes están prohibidas. Aún más, no puede cambiarse su destino original a pesar de que la obra mejore el aspecto o dé mayor comodidad al consorcio. Quien infrinja esta disposición puede hacerse acreedor a una multa por la Procuraduría Social del Distrito Federal.</p><p>En el régimen de consorcio la práctica de construcciones en las áreas comunes es la segunda mayor incidencia que se presenta en el Distrito Federal, por lo cual se ha legislado rigurosamente al establecerse multas con altas cuantías, que vienen a ser medidas adicionales a los procedimientos civiles que correspondan.</p><p>Contra los causantes de invasión o construcción en áreas comunes, el Administrador del consorcio puede solicitar la intervención de la Procuraduría Social del Distrito Federal, quien impondrá la correspondiente multa al infractor.</p><p>Asimismo, el Administrador del consorcio está facultado para entablar un juicio de orden civil por invasión de áreas comunes y otro de orden penal por despojo.</p><p></p><h2><strong>Estacionamiento del consorcio bien de propiedad </strong>común</h2><p>El estacionamiento del consorcio es un aspecto conflictivo en el régimen condominal. En principio, recomendamos que revise su Escritura de compraventa para cerciorarse si el cajón o cajones para estacionamiento que le corresponden le fueron vendidos como parte de la propiedad exclusiva o solamente tiene el derecho de uso de uno o más cajones para estacionamiento en las áreas comunes:</p><p>En el primer caso, nadie a excepción del propietario, su arrendatario o cesionario del uso de la unidad de propiedad privada puede usar el o los cajones para estacionamiento.</p><p>En el segundo caso, de no existir en la Escritura Constitutiva del Régimen de Propiedad en Condominio, en el Reglamento Interno del Condominio o en la Escritura de compraventa algún señalamiento del número de vehículos que pueden accesar o la identificación del cajón o cajones para estacionamiento que le corresponden en las áreas comunes, el consorcista puede estacionar su vehículo o vehículos en cualquier espacio dentro del área destinada para tal fin. Sin embargo, suele haber acuerdos de Asamblea que han reglamentado el uso de los espacios por lo que los consorcistas deben acatar las disposiciones respectivas.</p><p>Si el estacionamiento que le corresponde está dentro del área común y es ocupado por otro vecino, comuníquelo al Administrador para que él resuelva en consecuencia, recuerde que es su función. Los consorcistas, sus arrendatarios o cesionarios del uso deberán respetar la asignación, estado y uso original de los cajones para estacionamiento y, por consiguiente, se abstendrán de:</p><ol><li>Ocupar cajones ajenos.</li><li>Estacionarse incorrectamente.</li><li>Obstruir la entrada o salida de otros vehículos.</li><li>Realizar construcciones de cualquier tipo, delimitarlos con jaulas, postes o strs.</li><li>Señalizarlos o identificarlos de manera personalizada.</li><li>Almacenar o colocar objetos de manera permanente o momentánea sin importar su naturaleza.</li><li>Efectuar modificaciones en las instalaciones eléctricas, hidro-sanitarias, de iluminación o ventilación.</li></ol><p>Aunque es una práctica común la venta o el arrendamiento de los cajones para estacionamiento cuando forman parte de la unidad de propiedad exclusiva ello va contra la Ley, por lo que se recomienda evitarse molestias al contravenir esta disposición.</p><p>Artículo 21.- X. Queda prohibido a los consorcistas, poseedores y en general a toda persona y habitantes del consorcio: Ocupar otro cajón de estacionamiento distinto al asignado; para este artículo se aplicará de manera supletoria la Ley de cultura Cívica del Distrito Federal y demás leyes aplicables.</p><p>SI TE INTERESA CONOCER MAS DE NUESTRO SERVICIO VISITA ADMINISTRACIÓN DE CONSORCIOS</p>', 'cuales-son-las-areas-y-bienes-de-propiedad-comun', 0, '2020-03-26 11:00:08', NULL, NULL),
(14, '¿Quién es un consorcista?', '<h2><strong>¿Quien es un consorcista según la Ley de propiedad en consorcio?</strong></h2><p><br></p><p>Según la ley de propiedad  en consorcio de inmuebles para el Distrito Federal, quien es un consorcista es la Persona física o moral, propietaria de una o más unidades de propiedad privativa y, para los efectos de esta Ley, y su Reglamento, a la que haya celebrado contrato en virtud del cual, de cumplirse en sus términos, llegue a ser propietario bajo el régimen de propiedad en consorcio.</p><p><br></p><h2>¿Que es un consorcista <strong>según la Ley de propiedad en consorcio</strong>?</h2><p><br></p><p>Es la persona física o moral que en calidad de propietario esté en posesión de una o más unidades de propiedad exclusiva del consorcio, y la que haya celebrado contrato en virtud del cual, de cumplirse en sus términos, llegue a ser propietario, quien usará, gozará y dispondrá de ella con las limitaciones y prohibiciones establecidas por el Artículo novecientos cincuenta y uno del Código Civil para el Distrito Federal, la Ley de Propiedad en Condominio de Inmuebles para el Distrito Federal, la Escritura Constitutiva del Régimen de Propiedad en Condominio y el Reglamento Interno del Condominio.</p><p><br></p><p><strong><img src=\"/blog/que-es-un-consorcista.jpg\"></strong></p><p><br></p><p>Es importante mencionar que un consorcista tiene cierto porcentaje de la unidad total. Es decir tiene un parte del bien, el consorcista que cuente con mayor porcentaje  mayor responsabilidad tendrá.</p><p><br></p><h2><strong>¿Que puede hacer el consorcista?</strong></h2><p><br></p><p>El consorcista puede arrendar, enajenar, gravar y ejercer cualquier acto de dominio sobre su propiedad, con las limitaciones establecidas por la Ley de Propiedad en Condominio de Inmuebles para el Distrito Federal, la Escritura Constitutiva del Régimen de Propiedad en Condominio y el Reglamento Interno del Condominio.</p><p><br></p><p>Es recomendable que al arrendar o ceder el uso de sus unidades de propiedad exclusiva, los consorcistas procedan a notificar por escrito al <strong>Administrador del consorcio</strong> para que no se dé la ocupación o se permita la desocupación sin su conocimiento y autorización.</p><p><br></p><h2><strong><img src=\"/blog/quien-es-un-consorcista.jpg\"></strong></h2><p><br></p><h2><strong>¿ Quien es un consorcista puede ser administrador?</strong></h2><p><br></p><p>Afirmativo, El <strong>administrador consorcista</strong> que tendrá que ser nombrado por la Asamblea General.</p><p>Si necesitas mayor información puedes consultar cualquier duda con alguno de nuestros consultores en:</p><p><br></p><p>SI TE INTERESA CONOCER MAS DE NUESTRO SERVICIO VISITA ADMINISTRACIÓN DE CONSORCIOS</p><p><br></p><p><br></p>', 'quien-es-un-consorcista', 0, '2020-03-26 11:00:08', '2020-03-26 16:04:35', NULL),
(15, '¿Quién es un residente?', '<h2>¿ Quién es un residente del consorcio ?</h2><p><br></p><p>¿Quién es un residente? El Residente es la persona que en calidad de poseedor por cualquier título legal, aproveche en su beneficio una unidad de propiedad exclusiva.</p><p><br></p><p> El consorcista, su arrendatario o cualquier otro cesionario del uso, así como sus familiares, que habitan de manera regular el consorcio y tiene el derecho singular y exclusivo de las unidades de propiedad exclusiva y el derecho de copropiedad sobre los elementos y partes del consorcio que se consideran comunes en la Escritura Constitutiva del Régimen de Propiedad en Condominio y el Reglamento Interno del Condominio.</p><p><br></p><p><img src=\"/blog/quien-es-un-residente-300x141.jpg\"></p><p><br></p><h2>¿Quien paga las cuotas el arrendatario o arrendador?</h2><p><br></p><p>Debiendo acordarse entre ellos sobre quién cumplirá con el pago de las cuotas de administración condominal y mantenimiento y otras aportaciones a favor del consorcio, así como sobre la representación del consorcista en las Asambleas Generales de Condóminos que se celebren, pero en todo momento el consorcista es solidario responsable de esas obligaciones.</p><p><br></p><p>Oportunamente y por escrito deben hacer las notificaciones correspondientes al Administrador dentro de los primeros cinco días hábiles, para los efectos que procedan.</p><p><br></p><p>SI TE INTERESA CONOCER MAS DE NUESTRO SERVICIO VISITA ADMINISTRACIÓN DE CONSORCIOS</p>', 'quien-es-un-residente', 0, '2020-03-26 11:00:08', '2020-04-07 22:20:45', NULL),
(16, '¿Cuáles son las disposiciones legales que regulan al consorcio?', '<h2><strong>¿Cuáles son las disposiciones legales que regulan al consorcio en el Distrito Federal?</strong></h2><p><br></p><p>En la Ciudad de México las disposiciones legales que regular al consorcio son:</p><p><br></p><ol><li>La Escritura Constitutiva del Régimen de Propiedad en Condominio.</li><li>El Reglamento Interno del Condominio.</li><li>Los acuerdos de la Asamblea General de Condóminos.</li><li>La Ley de Propiedad en Condominio de Inmuebles para el Distrito Federal</li></ol><p><br></p><p><img src=\"/blog/cuales-son-las-disposiciones-legales-que-regulan-al-consorcio.jpg\"></p><p><br></p><p>SI TE INTERESA CONOCER MAS DE NUESTRO SERVICIO VISITA ADMINISTRACIÓN DE CONSORCIOS</p>', 'cuales-son-las-disposiciones-legales-que-regulan-al-consorcio', 0, '2020-03-26 11:00:08', '2020-03-26 17:09:30', NULL),
(17, '¿Cuál es la documentación indispensable del consorcio?', '<h2>¿Cuál es la documentación indispensable del consorcio?</h2><p>¿Cuál es la documentación indispensable del consorcio? En la oficina de la administración o lugar determinado para tal fin, deberán conservarse de manera ordenada, en buen estado y de fácil acceso a los consorcistas o autoridades que los requieran, los siguientes documentos.</p><p><img src=\'/blog/cual-es-la-documentacion-indispensable-del-consorcio-300x115.jpg\'/></p><p></p><ol><li>Escritura Constitutiva del Régimen de Propiedad en Condominio, con sus anexos.</li><li>Reglamento Interno del Condominio.</li><li>Planos estructurales, arquitectónicos, de instalaciones y equipos del consorcio.</li><li>Acuses de recibo de los consorcistas de las convocatorias a Asambleas.</li><li>Libro de actas de Asambleas Generales de Condóminos.</li><li>Informes de los Comités de Vigilancia.</li><li>Archivos contables y legales.</li><li>Estados de cuenta bancarios del consorcio.</li><li>Facturas, bitácoras de servicio y garantías de instalaciones y equipos del consorcio.</li><li>Actas circunstanciadas de la entrega-recepción de los administradores.</li><li>Inventario actualizado de los muebles, aparatos, equipos e instalaciones de propiedad común.</li><li>Registro del consorcio en la PROSOC</li></ol><p>SI TE INTERESA CONOCER MAS DE NUESTRO SERVICIO VISITA ADMINISTRACIÓN DE CONSORCIOS</p>', 'cual-es-la-documentacion-indispensable-del-consorcio', 0, '2020-03-26 11:00:08', NULL, NULL),
(18, '¿Cuál es la documentación que debe tener un consorcista?', '<h2><strong>¿Cuál es la documentación que debe tener un consorcista?</strong></h2><p><br></p><p>¿Cuál es la documentación que debe tener un consorcista? Cuando se adquiere una unidad de propiedad exclusiva deben recibirse los documentos que acrediten su propiedad y posesión jurídica. Además de las constancias que confirmen que se encuentra libre de todo tipo de gravámenes.</p><p><br></p><p>Si bien la Ley de Propiedad en Condominio de Inmuebles para el Distrito Federal no precisa quien debe entregar la documentación, se sugiere que el consorcista la solicite al Notario Público que se encarga de la escrituración.</p><p><br></p><h2>¿Que documentos hay que verificar al comprar un inmueble en consorcio?</h2><p><br></p><p>Además, es importante exigir al vendedor de un inmueble en consorcio, que cumpla con la obligación de entregar una constancia de no adeudo de cuotas de mantenimiento y administración, del fondo de reserva y por otras aportaciones con cargo a la unidad de propiedad exclusiva, expedida por el Administrador del consorcio y avalada por el Comité de Vigilancia, ya que de otra manera se convierte en deudor solidario de las cuotas o aportaciones dejadas de pagar.</p><p><br></p><p><img src=\"/blog/cual-es-la-documentacion-que-debe-tener-un-consorcista-300x160.jpg\"></p><p><br></p><p>En cuanto tenga la documentación legal y suficiente para ello, le sugerimos que realice el cambio de propietario en las cuentas del impuesto predial y por consumo de agua, así como las correspondientes a gas, luz y teléfono. Esta acción le evitará situaciones incomodas y aclaraciones innecesarias.</p><p>Sobre el particular puede solicitar y recibir el apoyo del Administrador del consorcio, quien en su nombre y representación puede efectuar los trámites correspondientes.</p><p><br></p><p>Tenga presente que el Administrador no es un simple recaudador de las cuotas y aportaciones a favor del consorcio, él puede y debe auxiliarlo en gestiones y trámites inherentes a su unidad de propiedad exclusiva ante las autoridades y dependencias oficiales.</p><p><br></p><p><img src=\"/blog/cual-es-la-documentacion-que-debe-tener-un-consorcista-1-300x166.jpg\"></p><p><br></p><h2>¿Que documentos debe de tener un consorcista referente a su propiedad privativa?</h2><p><br></p><ol><li>Escritura traslativa de dominio (Escritura de compraventa).</li><li>Copia de la Escritura Constitutiva del Régimen de Propiedad en Condominio.</li><li>Copia de la Tabla de Valores e Indivisos.</li><li>Copia del Reglamento Interno del Condominio.</li><li>Constancias de libertad de gravámenes y no adeudo.</li><li>Recibos de pagos por impuesto predial y consumo de agua.</li><li>Recibos de pagos por cuotas de mantenimiento y administración y de fondo de reserva, así como por otras aportaciones.</li><li>Constancia de no adeudo de cuotas de administración y mantenimiento, del fondo de reserva y por aportaciones con cargo a la unidad de propiedad exclusiva, expedida por el Administrador.</li><li>Ley de Propiedad en Condominio de Inmuebles para el Distrito Federal.</li><li>Lea con detenimiento su Escritura de compraventa y la Escritura Constitutiva del Régimen de Propiedad en Condominio, verificando la coincidencia entre ambos documentos sobre todo lo relacionado a su unidad de propiedad exclusiva; área, medidas, colindancias, indiviso y uso autorizado, entérese de cuáles son las áreas y bienes comunes del inmueble donde usted ha invertido.</li></ol><p><br></p><p><img src=\"/blog/cual-es-la-documentacion-que-debe-tener-un-consorcista.jpeg\"></p><p><br></p><p id=\"caption-attachment-897\" class=\"wp-caption-text\">¿Cuál es la documentación que debe tener un condómino?</p><p id=\"caption-attachment-897\" class=\"wp-caption-text\"><br></p><p>SI TE INTERESA CONOCER MAS DE NUESTRO SERVICIO VISITA ADMINISTRACIÓN DE CONSORCIOS</p>', 'cual-es-la-documentacion-que-debe-tener-un-consorcista', 0, '2020-03-26 11:00:08', '2020-03-26 17:08:31', NULL),
(19, '¿Qué es la escritura constitutiva del régimen de propiedad en consorcio?', '<h2><strong>¿Qué es la escritura constitutiva del régimen de propiedad en consorcio?</strong></h2><p><br></p><p>¿Qué es la escritura constitutiva del régimen de propiedad en consorcio? El instrumento jurídico que contiene toda la información del inmueble en consorcio.</p><p><br></p><p><img src=\"/blog/la-escritura-constitutiva-del-regimen-de-propiedad-en-consorcio.jpg\"></p><p><br></p><p>En otras palabras, es su acta de nacimiento que señala con toda claridad lo siguiente:</p><h3>Ubicación del consorcio</h3><p><br></p><p>Se incluyen dentro de la escritura constitutiva dimensiones, medidas y colindancias.</p><p><br></p><h3>Antecedentes de propiedad</h3><p><br></p><p>Incluye las licencias y autorizaciones que hacen constar su cumplimiento con las disposiciones legales vigentes al momento de su constitución</p><p><br></p><h3>Descripción de áreas privativas y comunes</h3><p><br></p><p>La descripción de cada unidad de propiedad exclusiva, su número, ubicación, uso autorizado, colindancias y medidas; la descripción de las áreas y bienes comunes, su destino, especificaciones, ubicación, medidas, componentes y todos aquellos datos que permiten su fácil identificación.</p><p><br></p><h3>El Valor de cada unidad</h3><p><br></p><p>El valor asignado a cada unidad de propiedad exclusiva y su porcentaje indiviso en relación al total del inmueble condominal.</p><p><br></p><p>La escritura constitutiva del régimen de propiedad en consorcio es una escritura pública y debe estar inscrito en el Registro Público de la Propiedad y corresponde al propietario original del consorcio el cumplimiento de las formalidades legales.</p><p><br></p><p>SI TE INTERESA CONOCER MAS DE NUESTRO SERVICIO VISITA ADMINISTRACIÓN DE CONSORCIOS</p>', 'que-es-la-escritura-constitutiva-del-regimen-de-propiedad-en-consorcio', 0, '2020-03-26 11:00:08', '2020-03-26 17:04:15', NULL),
(20, '¿Qué es el reglamento interno del consorcio?', '<h2><strong>¿Qué es el reglamento interno del consorcio?</strong></h2><p><br></p><p>¿Qué es el reglamento interno del consorcio? También es un instrumento jurídico que complementa y especifica las disposiciones de la Ley de Propiedad en Condominio para Inmuebles del Distrito Federal, de acuerdo a las características propias de cada consorcio.</p><p><br></p><p><img src=\"/blog/que-es-el-reglamento-interno-del-consorcio-300x141.jpg\"></p><p><br></p><p>El Reglamento Interno del Condominio señala las normas a que deben sujetarse los ocupantes del consorcio. Cada consorcio tiene sus propias características y por lo tanto sus propias disposiciones. </p><p><br></p><p>Su elaboración puede tener dos orígenes:</p><p><br></p><h3>Elaboración del reglamento interno del consorcio</h3><p><br></p><ul><li>Para construcciones nuevas, por quienes otorgan la Escritura Constitutiva del Régimen de Propiedad en Condominio, quedando sujeta su ratificación a la Asamblea General de Condóminos.</li><li>Para inmuebles en uso, por los consorcistas y aprobado en Asamblea General de Condóminos.</li><li><br></li></ul><h2>¿Que debe incluir el reglamento interno del consorcio?</h2><p><br></p><ol><li>Los derechos, obligaciones y limitaciones a que quedan sujetos los consorcistas en el ejercicio del derecho de usar las áreas y bienes comunes y los propios.</li><li>El tipo de administración conforme a lo establecido en el Artículo 37° de la Ley de Propiedad en Condominio de Inmuebles para el Distrito Federal.</li><li>Las políticas para la administración, mantenimiento y operación del consorcio.</li><li>Las aportaciones para la constitución de los fondos de administración y mantenimiento y de reserva.</li><li>El monto y la periodicidad del cobro de las cuotas de administración y mantenimiento, fondo de reserva, así como de las cuotas extraordinarias.</li><li>El procedimiento para el cobro de las cuotas de administración y mantenimiento, fondo de reserva, así como de las cuotas extraordinarias.</li><li>Las disposiciones para propiciar la integración, organización y desarrollo de la comunidad.</li><li>El tipo de Asambleas que se realizarán de acuerdo a lo establecido en el Artículo 31° de la Ley de Propiedad en Condominio de Inmuebles para el Distrito Federal.</li><li>Los criterios generales a los que se sujetará el Administrador para la contratación a terceros de locales, espacios o instalaciones de propiedad común que sean objeto de arrendamiento o comodato.</li><li>Otras obligaciones y requisitos para el Administrador y los miembros del Comité de Vigilancia, además de lo establecido por la Ley de Propiedad en Condominio de Inmuebles para el Distrito Federal.</li><li>Causas para la remoción o rescisión del contrato de servicios del Administrador y de los miembros del Comité de Vigilancia.</li><li>El establecimiento de medidas provisionales en los casos de ausencia temporal del Administrador.</li><li>Las bases para la modificación del Reglamento Interno del Condominio conforme a lo establecido en la Escritura Constitutiva del Régimen de Propiedad en Condominio.</li><li>La determinación de criterios para el uso de las áreas comunes, especialmente para aquéllas que deban destinarse exclusivamente a personas con discapacidad, ya sean consorcistas o familiares que habiten con ellos.</li><li>Determinar, en su caso, las medidas y limitaciones para poseer animales en las unidades de propiedad exclusiva o áreas comunes.</li><li>La determinación de criterios para asuntos que requieran una mayoría especial en caso de votación y no previstos en la Ley de Propiedad en Condominio de Inmuebles para el Distrito Federal.</li><li>Las bases para la integración del Programa Interno de Protección Civil. Así como, en su caso, la conformación de Comités de Protección Civil y de Seguridad Pública.</li><li>Las materias que le reservan la Escritura Constitutiva del Régimen de Propiedad en Condominio y la Ley de Propiedad en Condominio de Inmuebles para el Distrito Federal.</li><li>El Reglamento Interno del Condominio forma parte del apéndice de la Escritura Constitutiva del Régimen de Propiedad en Condominio, conforme a lo establecido en el último párrafo del Artículo 10 de la Ley de Propiedad en Condominio de Inmuebles para el Distrito Federal.</li></ol><p><br></p><p><img src=\"/blog/que-es-el-reglamento-interno-del-consorcio-1.jpg\"></p><p><br></p><h2>¿Cómo debe registrarse el Reglamento interno del consorcio?</h2><p><br></p><p>Asimismo, el Reglamento Interno del Condominio debe registrarse ante la Procuraduría Social del Distrito Federal, que previamente verifica que no contravenga las disposiciones establecidas en la Ley de Propiedad en Condominio de Inmuebles para el Distrito Federal y la Escritura Constitutiva del Régimen de Propiedad en Condominio.</p><p><br></p><p>El Reglamento Interno del Condominio es susceptible de modificación o actualización por acuerdo de la Asamblea General de Condóminos, cumpliéndose con las formalidades que al respecto establece la Ley de Propiedad en Condominio de Inmuebles para el Distrito Federal.</p><p><br></p><h2>Adecuaciones al reglamento interno del consorcio</h2><p><br></p><p>Nuestra experiencia indica que en algunos consorcios ha sido necesario crear o modificar el reglamento y adecuarlo a la vida diaria del consorcio con el fin de contar con instrumentos que obliguen a los consorcistas a cumplir con sus obligaciones condominales.</p><p><br></p><p>Al aceptar nuestra propuesta, será conveniente revisar este instrumento y darles las observaciones para el caso al Comité de Vigilancia.</p><p><br></p><p>SI TE INTERESA CONOCER MAS DE NUESTRO SERVICIO VISITA ADMINISTRACIÓN DE CONSORCIOS</p>', 'que-es-el-reglamento-interno-del-consorcio', 0, '2020-03-26 11:00:08', '2020-03-26 17:02:16', NULL),
(21, '¿Qué es la asamblea general de consorcistas?', '<h2>¿Qué es la asamblea general de consorcistas en un consorcio en la CDMX?</h2><p><br></p><p>¿Qué es la asamblea general de consorcistas? </p><p><br></p><p>La Asamblea General de Condóminos es el órgano supremo y máxima autoridad del consorcio en donde con reunión de todos los titulares propietarios o que estén en proceso de serlo, celebrada previa convocatoria, se tratan, discuten y resuelven, en su caso, asuntos de interés común.</p><p><br></p><p><img src=\"/blog/que-es-la-asamblea-general-de-consorcistas.jpg\"></p><p><br></p><p>De acuerdo a la Ley de Propiedad en Condominio de Inmuebles para el Distrito Federal, las Asambleas Generales de Condóminos por su tipo pueden ser ordinarias y extraordinarias:</p><p><br></p><p>I. Las ordinarias se celebran cada seis meses teniendo como finalidad informar el estado que guarda la administración del consorcio, así como tratar los asuntos concernientes al mismo; y</p><p>II. Las extraordinarias se celebran cuando hay asuntos de carácter urgente que atender y para:</p><p><br></p><ol><li>La modificación de la Escritura Constitutiva del Régimen de Propiedad en Condominio o del Reglamento Interno del Condominio.</li><li>La extinción voluntaria del Régimen de Propiedad en Condominio.</li><li>La ejecución de obras nuevas en el consorcio.</li><li>Acordar lo conducente en caso de destrucción, ruina o reconstrucción del consorcio.</li></ol><p><br></p><p>El asistir y participar en asambleas te permite tomar decisiones y acuerdos de interés común, el Articulo 32 de la Ley de Propiedad en Condominio de Inmuebles para el Distrito Federal, Indica que:</p><p><br></p><p>La Asamblea General es el órgano del consorcio, que constituye la máxima instancia en la toma de decisiones para expresar, discutir y resolver asuntos de interés propio y común, celebrada en los términos de la presente Ley, su Reglamento, Escritura Constitutiva y el Reglamento Interno. (Reforma del 3 de abril de 2012)</p><p><br></p><p><img src=\"/blog/que-es-la-asamblea-general-de-consorcistas1.jpg\"></p><p><br></p><p>Es decir, los consorcistas se reúnen para la toma de decisiones a favor del consorcio, esta reunión también sirve para informar sobre la gestión del Administrador, el balance financiero, los presupuestos anuales de los gastos a efectuar, y demás asuntos generales del consorcio.</p><p><br></p><p>La participación en las asambleas es uno de los derechos otorgados por la Ley condominal de la ciudad de México, pero también es una de las obligaciones más importantes dentro de la cultura condominal, la participación hace la diferencia.</p><p><br></p><p>Art. 16 Fracc. II: Participar con voz y voto en las asambleas generales de condóminios.</p><p>Art. 16 Las Asambleas Generales por su tipo podrán ser ordinarias y extraordinarias.</p><p><br></p><p><img src=\"/blog/que-es-la-asamblea-general-de-consorcistas-2.jpg\"></p><p><br></p><p>¿Qué es la asamblea general de consorcistas?</p><p><br></p><p>Las Asambleas Generales Ordinarias: Se celebrarán cuando menos cada seis meses teniendo como finalidad informar el estado que guarda la administración del consorcio, así como tratar los asuntos concernientes al mismo:</p><p><br></p><ul><li>Las Asambleas Generales Extraordinarias: Se celebrarán cuando haya asuntos de carácter urgente que atender y cuando se trate de los siguientes asuntos:</li><li>Cualquier modificación a la escritura constitutiva del consorcio o su Reglamento Interno de conformidad con lo establecido en esta Ley:</li><li>Para la extinción voluntaria del Régimen;</li><li>Para realizar obras nuevas;</li><li>Para acordar lo conducente en caso de destrucción, ruina o reconstrucción.</li></ul><p><br></p><p>SI TE INTERESA CONOCER MAS DE NUESTRO SERVICIO VISITA ADMINISTRACIÓN DE CONSORCIOS</p>', 'que-es-la-asamblea-general-de-consorcistas', 0, '2020-03-26 11:00:08', '2020-03-26 17:03:29', NULL),
(22, '', '', 'consorcio', 0, '2020-03-26 11:00:08', NULL, '2020-03-26 16:59:37');
INSERT INTO `posts` (`id`, `title`, `content`, `slug`, `enabled`, `created_at`, `updated_at`, `deleted_at`) VALUES
(23, 'ADMINISTRADORA DE CONSORCIOS', '<h2><strong>ADMINISTRADORA DE CONSORCIOS EN LA CIUDAD DE MÉXICO</strong></h2><p><br></p><p>Una persona física (consorcista) ó persona moral pueden tener la representación administradora de consorcios, a continuación conoce cual es son sus funciones y el procedimiento para el nombramiento en el Distrito Federal.</p><p><br></p><h2><strong>¿QUIEN ES EL ADMINISTRADOR DE CONSORCIOS?</strong></h2><p><br></p><p>El administrador de consorcios puede ser una una persona física o moral, la <strong>empresa administradora de consorcios</strong> o la persona física es nombrada por la <strong>Asamblea General</strong>, para llevar a cabo la <strong>administración de un inmueble</strong> sujeto al <strong>Régimen de Propiedad en Condominio</strong>.</p><p><strong>La administradora de consorcios</strong> o persona física pueden ser de dos tipos:</p><p><br></p><p><strong>Administrador de consorcio</strong>: Es aquel administrador que es un consorcista y es nombrado por la <strong>Asamblea General</strong>.</p><p><br></p><p><strong>Administrador Profesional</strong>: Es la persona física o moral que demuestre capacidad y conocimientos en administración de consorcios que es contratado por la Asamblea General.</p><p><br></p><h2><strong>¿ COMO SE ELIGE A LA EMPRESA ADMINISTRADORA DE CONSORCIOS ?</strong></h2><p><br></p><p>Ambos tipos de administradores  (profesional ó condominal) se eligen por mayoría simple en <strong>Asamblea General Ordinaria</strong> legalmente convocada, la cual debe cumplir con el quórum y los procedimientos requeridos para que este nombramiento se declare legalmente instalado.</p><p><br></p><p>Una vez nombrado por la <strong>Asamblea General</strong> el administrador acudirá a la oficina desconcentrada de la <strong>Procuraduría Social PROSOC </strong>que le corresponda en un plazo no mayor de 15 días hábiles a efecto de darse de alta y deberá cumplir con los requisitos establecidos por la <strong>Ley de Propiedad en Condominio de Inmuebles para el Distrito Federal</strong> (LPCIDF) y por su Reglamento, así como por lo establecido en la <strong>Ley de la Procuraduría Social y su Reglamento</strong> la oficina emitirá la constancia de administrador dentro de los 15 días posteriores como lo estipula la ley.</p><p><br></p><p><img src=\"/blog/administradoradeconsorcios-300x118.jpg\"></p><p><br></p><p id=\"caption-attachment-748\" class=\"wp-caption-text\">ADMINISTRADORA DE CONSORCIOS</p><p id=\"caption-attachment-748\" class=\"wp-caption-text\"><br></p><h2><strong>REGISTRO DE LA EMPRESA ADMINISTRADORA DE CONSORCIOS</strong></h2><p><br></p><p>Para la empresa <strong>administradora de consorcios</strong> profesional en la Ciudad de México, es necesario contar con la certificación ante la <strong>Procuraduría Social PROSOC. </strong></p><p><br></p><p>La administradora de consorcios también deberá contar con el registro de <strong>administrador condominal</strong> expedido por la <strong>Procuraduría Social PROSOC,</strong> este registro le otorga a una persona física o moral, personalidad jurídica frente a terceros para representar y administrar los <strong>bienes comunes de un consorcio</strong>.</p><p><br></p><h2><strong>¿ CUÁNTO DURA EN SU ENCARGO UN ADMINISTRADOR DE CONSORCIOS ?</strong></h2><p><br></p><p>Un <strong>administrador condominal ó profesional</strong> durará en su encargo un año, siempre que a consideración de la Asamblea haya cumplido en sus términos. En caso de ser <strong>administrador condominal</strong> podrá ser reelecto por dos periodos consecutivos más y posteriormente en otros periodos no consecutivos. Para el caso del <strong>administrador profesional</strong>, podrá ser ratificado siempre y cuando se renueve la fianza y el contrato correspondiente.</p><p><br></p><h2><strong>FUNCIONES DE LA ADMINISTRADORA DE EDIFICIOS Y CONSORCIOS</strong></h2><p><br></p><p>Una <strong>empresa administradora de consorcios</strong> debe llevar un libro de actas autorizado por la <strong>Asamblea</strong> y como entre sus funciones está la de vigilar <strong>los bienes del consorcio</strong> y los servicios comunes, así como promover la integración, organización y el desarrollo de la comunidad.</p><p><br></p><p>La <strong>empresa administradora de consorcios</strong> deberá promover los cuatro comités que establece la ley LPCIDF además de representar las decisiones tomadas por la asamblea, que es la máxima <strong>autoridad en el consorcio</strong>, Así mismo, entre sus funciones está la de entregar mensualmente a cada consorcista, un estado de cuenta del consorcio, con el visto bueno del <strong>Comité de Vigilancia del consorcio</strong> que contemple, entre otros aspectos: los ingresos y egresos del mes anterior, el saldo de las cuentas bancarias, la relación detallada de las cuotas por pagar a proveedores, así como la relación de morosos y montos de deuda.</p><p><br></p><p>La empresa administradora de consorcios, tiene por ley que dirimir las controversias derivadas de actos de molestia entre consorcistas poseedores o habitantes en general, para mantener la paz y la tranquilidad entre los mismos.</p><p><br></p><p>Con siete días de anticipación al vencimiento de su contrato, debe convocar a una asamblea a efecto de entregar o que la misma le ratifique en su nombramiento.</p><p>Los administradores deberán también fomentar la creación de cuatro Comités en los consorcios que administren:</p><p><br></p><p>1) Comité de Ecología o Medio Ambiente.</p><p>2) Comité Socio-Cultural.</p><p>3) Comité de Seguridad y Protección Civil.</p><p>4) Comité del Deporte.</p><p><br></p><h2><strong>CULTURA CONDOMINAL EN MÉXICO </strong></h2><p><br></p><p>Las administradoras y los administradores deberán ser promotores de la cultura condominal en los consorcios que administren, y mediadores entre los conflictos suscitados entre los propios consorcistas a fin de salvaguardar una sana convivencia condominal.</p><p><br></p><h2><strong>OBLIGACIONES DEL ADMINISTRADOR DE CONSORCIOS </strong></h2><p><br></p><p>En México el <strong>Administrador</strong> deberá cumplir con las obligaciones que señala el artículo 43 de la Ley de Propiedad en Condominio de inmuebles para el Distrito Federal, con la ejecución de los acuerdos que señale la <strong>Asamblea General de Condóminos</strong>, tomar los cursos impartidos por ésta H. Procuraduría Social, y tratándose de <strong>Administradores Profesionales</strong>, deberá CERTIFICARSE anualmente.</p><p><br></p><h2><strong>RESPONSABILIDADES DE UN ADMINISTRADOR DE CONSORCIOS</strong></h2><p><br></p><p>Las <strong>obligaciones de un administrador de consorcios</strong> si no se cumplen se pueden aplicar sanciones.</p><p><br></p><h3>El no registrar su nombramiento ante la Procuraduría Social.</h3><p>Multa de 46 a 271 unidades de cuenta de la ciudad de México de conformidad con los artículos 43 fracción XXVIII y 87 de la <strong>Ley de Propiedad en Condominio</strong> de Inmuebles para el Distrito Federal</p><p><br></p><h3>El no registrar ante la <strong>Procuraduría Social</strong> el libro de actas.</h3><p><br></p><p>Multa de 9 a 90 unidades de cuenta de la ciudad de México de conformidad con los artículos 43 fracción I y 87 de la <strong>Ley de Propiedad en Condominio de Inmuebles para el Distrito Federal.</strong></p><p><br></p><h3>El no convocar a Asambleas</h3><p><br></p><p>Multa de 46 a 181 unidades de cuenta de la ciudad de México de conformidad con los artículos 32 y 87 de <strong>la Ley de Propiedad en Condominio de Inmuebles para el Distrito Federal</strong></p><p><br></p><h3>El no entregar estados de cuenta.</h3><p><br></p><p>Multa de 46 a 271 unidades de cuenta de la ciudad de México de conformidad con los artículos 87 de la <strong>Ley de Propiedad en Condominio</strong> de Inmuebles para el Distrito Federal, y de configurarse el delito de <strong>Administración Fraudulenta</strong> el 234 del Código Penal para el Distrito Federal.</p><p><br></p><h3>El no presentar el <strong>libro de actas en las Asambleas</strong>.</h3><p><br></p><p>Multa de 46 a 181 unidades de cuenta dela ciudad de México de conformidad con el artículo 87 de la <strong>Ley de Propiedad en Condominio de Inmuebles para el Distrito Federal.</strong></p><p><br></p><h3>El no servir a los consorcistas difundiendo y ejecutando los acuerdos.</h3><p><br></p><p>Multa de 46 a 181 unidades de cuenta de la ciudad de México de conformidad con el artículo 87 de la <strong>Ley de Propiedad en Condominio de Inmuebles para el Distrito Federal.</strong></p><p><br></p><h3>El no iniciar ante las instancias competentes los procedimientos administrativos.</h3><p><br></p><p>Multa de 9 a 181 unidades de cuenta de la ciudad de México de conformidad con el artículo 87 de la <strong>Ley de Propiedad en Condominio de Inmuebles para el Distrito Federal</strong></p><p><br></p><h3>El no entregar a la administración entrante.</h3><p><br></p><p>Multa de 46 a 271 unidades de cuenta dela ciudad de México de conformidad con el artículo 87 de la <strong>Ley de Propiedad en Condominio de Inmuebles para el Distrito Federal</strong>.</p><p><br></p><h3>El no mostrar a la Asamblea General, Comité de Vigilancia, y autoridad que así lo solicite, documentación referente a <strong>la Administración del consorcio</strong>.</h3><p><br></p><p>Multa de 46 a 181 unidades de cuenta de la ciudad de México de conformidad con el artículo 87 de la <strong>Ley de Propiedad en Condominio de Inmuebles para el Distrito Federal.</strong></p><p><br></p><h3>El no expedir recibo cuando se le realice algún pago.</h3><p><br></p><p>Multa de 46 a 271 unidades de cuenta de la ciudad de México de conformidad con el artículo 87 de la <strong>Ley de Propiedad en Condominio de Inmuebles para el Distrito Federal.</strong> Asimismo, alterar las cuentas es un delito que se castiga con prisión, de conformidad con lo dispuesto en el artículo 234 del Código Penal para el Distrito Federal.</p><p><br></p><h3>El no dirimir controversias derivadas de actos de molestia entre los consorcistas, poseedores o habitantes en general para mantener la paz y la tranquilidad entre los habitantes.</h3><p><br></p><p>Multa de 9 a 90 unidades de cuenta de la ciudad de México  de conformidad con los artículos 43 fracción XXVI y 87 de la <strong>Ley de Propiedad en Condominio de Inmuebles para el Distrito Federal.</strong></p><p><br></p><h2><strong>CUANTO COBRA UN ADMINISTRADOR DE CONSORCIOS</strong></h2><p><br></p><p>Aún siendo un administrador condominal se tiene todo el derecho de solicitar una remuneración económica por lo que implica el servicio de <strong>administración condominal</strong>.</p><p><br></p><p>Esta remuneración es acordada por la asamblea general, para ambos <strong>tipos de administración de consorcios</strong>.  El costo de <strong>administracióndel edificio </strong>deberá de ser fijada tomando en cuenta la complejidad del consorcio, ejemplo: Número de unidades de propiedad privativa, áreas de uso común, nivel de servicio requerido, situación actual en términos legales. Etc.</p><p><br></p><h2><strong>PLAN DE TRABAJO ADMINISTRADOR DE CONSORCIOS</strong></h2><p><br></p><p>El plan de trabajo del administrador tiene que estar diseñado para atender los principales puntos de una administración.</p><p><br></p><h3>Plan de trabajo en área Legal del consorcio</h3><p><br></p><p>En la ciudad de México los consorcios y administraciones, deberán de estar registrados en la <strong>Procuraduría Social PROSOC</strong>, es importante que el plan de trabajo del administrador incluya primeramente un diagnóstico de cuál es la situación en términos legales del consorcista para identificar cuáles serían los alcances del proyecto en términos de trámites necesarios para estar en el marco legal.</p><p><br></p><h3>Plan de trabajo para el área Financiera del consorcio</h3><p>El plan para la <strong>administración de inmuebles </strong>deberá incluir la <strong>situación financiera del consorcio</strong>, para identificar cuáles son los retos que se tienen en cuanto a niveles de morosidad.</p><p><br></p><p>Una vez evaluado se podrá planificar cuales son las estrategias para reducir el nivel de <strong>morosidad en el consorcio</strong>.</p><p><br></p><h3>Plan de trabajo para el área de <strong>Mantenimiento del consorcio</strong></h3><p><br></p><p>El mantenimiento es uno de los rubros esenciales para el plan de trabajo condominal, ya que en base al plan de mantenimiento se podrán calcular las cuotas a pagar por cada consorcista.</p><p>Es necesario contar con un buen plan de <strong>mantenimiento para el consorcista</strong>, esto para evitar caer en <strong>mantenimientos correctivosdel consorcio</strong> que son más costosos y afectan financieramente al consorcio encareciendo las cuotas.</p><p><br></p><h2><strong>REQUISITOS ADMINISTRADOR DE CONSORCIOS</strong></h2><p><br></p><p>En la ciudad de México los requisitos para un <strong>administrador profesional de consorcios</strong> son estar registrado ante la <strong>Procuraduría Social de la Ciudad de México PROSOC, </strong>además de esto es requisito indispensable contar con conocimiento y experiencia que lo acredite como <strong>administrador profesional</strong>.</p><p><br></p><h2><strong>CONTRATO PARA ADMINISTRADOR DE CONSORCIOS</strong></h2><p><br></p><p>Los servicios de administración externa o <strong>administración profesional de consorcistas</strong> tienen que ser formalizados por medio de un contrato el cual deberá de estar registrado ante la <strong>Procuraduría Social de la Ciudad de México PROSOC, </strong>este contrato deberá no ser mayor a un año y recomendamos que este certificado por la <strong>PROFECO</strong></p><p><br></p><h2><strong>PERFIL ADMINISTRADOR DE CONSORCIOS</strong></h2><p><br></p><p>El <strong>administrador de consorcistas</strong>, debe ser un experto en temas legales, financieros y mantenimiento de inmuebles.</p><p>Además de tener amplio conocimiento en estos tres rubros, es común que deba de tener un equipo especializado para soporte en cada tema.</p><p>Deberá de ser un perfil que cuente con disponibilidad de horario ya que un buen servicio de <strong>administracióncondominal</strong> es el que da soporte a cualquier eventualidad que puedan tener sus clientes las 24 horas.</p><p><br></p><p>Tiene que contar con la capacidad de ser un excelente mediador ante las situaciones de inconformidad que se presenten en consorcio.</p><p>La facilidad de influenciar a los consorcistas para que exista una sana convivencia es de las principales características que debe de tener un buen <strong>administrador condominal.</strong></p><p><br></p><p>Tolerancia a la frustración es necesaria, debido a que las decisiones tomadas en un <strong>consorcio</strong> son de común acuerdo y se necesita la presencia de la mayoría de los <strong>consorcistas</strong> para tomar decisiones.</p><p><br></p><p>El <strong>administrador de consorcistas</strong> debe de tener la capacidad de ser proactivo para tratar de minimizar los posibles problemas que se pudieran presentar en el consorcista.</p><p><br></p><h2><strong>ADMINISTRADOR PROFESIONAL DE CONSORCIOS</strong></h2><p><br></p><p>Como ya hemos mencionado el <strong>administrador de consorcios profesional en la CDMX </strong>es aquel administrador que demuestra su capacidad y conocimiento para <strong>administrar consorcios</strong> mediante un examen ante la <strong>PROSOC Procuraduría Social de la Ciudad de México</strong>.</p><p><br></p><h2><strong>CERTIFICACIÓN ADMINISTRADOR DE CONSORCIOS</strong></h2><p><br></p><p>La certificación de un <strong>administrador de consorcistas</strong> es proporcionada por la <strong>PROSOC Procuraduría Social de la Ciudad de México</strong>. Esta se proporcionar mediante la acreditación de un examen que tiene un costo cercano a los $ 2,000.00.</p><p><br></p><p>El examen se conforma de una serie preguntas derivadas de la Ley de propiedad en consorcio de inmuebles para el Distrito Federal.</p><p>Anterior a presentar el examen es obligatorio tomar un curso presencial en las instalaciones de la <strong>PROSOC Procuraduría Social de la Ciudad de México, </strong>de tres días.</p><p><br></p><p>Finalizando el curso se proporciona una folio que el participante lo acredita como administrador condominal.</p><p><br></p><p>SI TE INTERESA CONOCER MAS DE NUESTRO SERVICIO VISITA ADMINISTRACIÓN DE CONSORCIOS</p><p><br></p><p><strong>SI TE INTERESA UN PRESUPUESTO PARA TU consorcio, RECOMENDAMOS LLENAR EL SIGUIENTE FORMULARIO PARA PROPORCIONAR UNA COTIZACIÓN DEL SERVICIO DE ADMINISTRACIÓN CONDOMINAL</strong></p>', 'administradora-de-consorcios', 0, '2020-03-26 11:00:08', '2020-03-26 17:14:33', NULL),
(24, 'ADMINISTRACIÓN DE INMUEBLES', '<h2>ADMINISTRACIÓN DE INMUEBLES</h2><p><br></p><p>Administración de inmuebles en la ciudad de México, conoce la importancia de contratar un servicio profesional y el costo del servicio.</p><p><br></p><h2>¿Que es la administración de inmuebles?</h2><p><br></p><p>La administración de inmuebles es el proceso mediante el cual se planifica, dirige, controla, organiza y se optimiza los recursos de un inmueble, con el fin de garantizar que la seguridad, la salud, la organización, el cumplimiento de leyes y el mantenimiento de estructuras se cumplan en un nivel satisfactorio.</p><p><br></p><p>Un servicio efectivo de administración de consorcistas, busca la sana convivencia de los consorcistas e incrementar la plusvalía de su patrimonio.</p><p><br></p><h2 class=\"p1\">¿ Es caro contratar a un experto en administración de inmuebles ?</h2><p><br></p><p class=\"p1\">Como empresa dedicada a la <strong>administración de inmuebles</strong>, hemos encontrado algunos de losfactores principales para la contratación de un especialista experto en ello, es cuando los <strong>consorcistas</strong> se encuentran descontentos por que buscan que la <strong>cuota de mantenimiento</strong> (la cual no ha sido analizada y establecida con base a la necesidad) alcance para todo, hasta para aquello de lo que cada uno está obligado de manera individual, así mismo hemos notado que la falta de estudio y de información con base a la normatividad es el factor que principalmente provoca esta falla la cual si no se llega a controlar puede generar disputas que generen un ambiente hostil entre los <strong>consorcistas</strong>.</p><p class=\"p1\"><br></p><p class=\"p1\">Por lo anterior cuando los <strong>consorcistas</strong> en medio de todo ese sin fin de discrepancias empiezan a pensar en contratar a una empresa de <strong>administración de inmuebles profesional</strong>,  se preguntan ¿qué tan caro será ese servicio profesional?.</p><p class=\"p1\"><br></p><p><img src=\"/blog/administracion-de-inmuebles-300x139.jpg\"></p><p id=\"caption-attachment-714\" class=\"wp-caption-text\">administración de inmuebles</p><p id=\"caption-attachment-714\" class=\"wp-caption-text\"><br></p><h2>¿ Por que contratar un experto en administración profesional de inmuebles ?</h2><p><br></p><p class=\"p1\">Los <strong>consorcistas</strong> siempre revisarán la manera de ahorrar dinero y muchos de ellos prefieren mantenerse sin un experto en <strong>administración de inmuebles</strong> que puede dar solución a las distintas situaciones de manera práctica y objetiva. Nuestra labor como empresa certificada por la PROSOC es hacer conscientes a esos <strong>consorcistas</strong> de la importancia de invertir en un <strong>administrador profesional de inmuebles</strong> y hacerles notar la diferencia que existe entre gasto e inversión cuando está de por medio la <strong>plusvalía del consorcio</strong> (su patrimonio).</p><p class=\"p1\"><br></p><h2>¿ Cuanto cuesta un servicio de administración profesional de inmuebles ?</h2><p><br></p><p class=\"p1\">Los <strong>honorarios de un administrador profesionalde inmuebles</strong> se calculan dependiendo del tipo de <strong>consorcio</strong>, <strong>antigüedad del inmueble</strong>, el tipo de <strong>mantenimiento del consorcio</strong> que ha recibido, número de <strong>inmuebles</strong> que forman parte del <strong>consorcio</strong>, la <strong>morosidad</strong> de aquellos <strong>consorcistas</strong> que no han pagado su <strong>cuota de mantenimiento</strong>, gestión para la solución de problemas tanto en el <strong>consorcio</strong> como entre los mismos <strong>consorcistas</strong>, asesoría y/o trámites para que el <strong>consorcio</strong> esté bajo la debida normatividad.</p><p class=\"p1\"><br></p><p class=\"p1\">Es indispensable que como empresa dedicada a la <strong>administración de consorcios</strong> sepa específicamente las <strong>necesidades del consorcio</strong> con base a sus condiciones y problemas que enfrenta se establezcan los honorarios del <strong>administrador profesional de inmuebles</strong>.</p><p class=\"p1\">Con base a lo anterior es indispensable que al establecer los <strong>honorarios del administrador profesional</strong> se tomen en cuenta las posibilidades de los <strong>consorcistas</strong>, pero que a su vez avale una remuneración justa tomando en cuenta todas las responsabilidades y servicio que engloba la labor del <strong>administrador profesional</strong>.</p><p class=\"p1\"><br></p><p class=\"p1\">Cuando las <strong>empresas de administración de consorcios</strong> saben la labor que implica el desempeñarse en las diferentes vertientes que representa este servicio y lo comprueban poniéndolo en práctica en el <strong>consorcio</strong> que lo necesita, los <strong>consorcistas</strong> siempre buscarán la manera de poder realizar ciertas estrategias para poder llegar a la cifra que se les solicita la empresa <strong>administradora de consorcios</strong> ya que como se mencionó anteriormente es una sana y necesaria inversión.</p><p class=\"p1\"><br></p><p>Si necesitas mayor información para un servicio de <strong>administración de inmuebles</strong> puedes conocer más de nuestro servicio de <strong>administración profesional de consorcios</strong> en la siguiente liga:</p><p>Administración de Condominios</p>', 'administracion-de-inmuebles', 0, '2020-03-26 11:00:08', '2020-03-26 17:22:24', NULL),
(25, '¿Cuáles son las facultades de la asamblea general de consorcistas?', '<h2>¿Cuáles son las facultades de la asamblea general de consorcistas en la Ciudad de México?</h2><p><br></p><p>¿Cuáles son las facultades de la asamblea general de consorcistas? La Asamblea General de Condóminos, de conformidad con la Ley de Propiedad en Condominio de Inmuebles para el Distrito Federal, tiene las siguientes facultades:</p><p><br></p><p><img src=\"/blog/cuales-son-las-facultades-de-la-asamblea-general-de-consorcistas1.jpg\"></p><p><br></p><ol><li>Modificar la Escritura Constitutiva del Régimen de Propiedad en Condominio y aprobar o reformar el Reglamento Interno del Condominio.</li><li>Establecer las cuotas a cargo de los consorcistas, determinando para ello el sistema o esquema de cobro que considere más adecuado y eficiente de acuerdo a las características del consorcio. Así como fijar las tasas moratorias que deben cubrir los consorcistas en caso de incumplimiento del pago de cuotas.</li><li>Nombrar y remover al Comité de Vigilancia.</li><li>Instruir al Comité de Vigilancia o a quien se designe para proceder ante las autoridades competentes cuando el Administrador infrinja la Ley, la Escritura Constitutiva del Régimen de Propiedad en Condominio, el Reglamento Interno del Condominio y demás disposiciones legales aplicables.</li><li>Nombrar y remover libremente al Administrador, en los términos de la Ley de Propiedad en Condominio de Inmuebles para el Distrito Federal, de la Escritura Constitutiva del Régimen de Propiedad en Condominio y el Reglamento Interno del Condominio.</li><li>Fijar la remuneración relativa al Administrador.</li><li>Precisar las obligaciones y facultades del Administrador frente a terceros y las necesarias respecto de los consorcistas, de acuerdo a la Escritura Constitutiva del Régimen de Propiedad en Condominio y el Reglamento Interno del Condominio.</li><li>Resolver sobre la clase y monto de la garantía que deba otorgar el Administrador respecto al fiel desempeño de su misión, y al manejo de los fondos a su cuidado.</li><li>Examinar y, en su caso, aprobar los estados de cuenta que someta el Administrador a su consideración, así como el informe anual de actividades que rinda el Comité de Vigilancia.</li><li>Adoptar las medidas conducentes sobre los asuntos de interés común que no se encuentren comprendidos dentro de las funciones conferidas al Administrador.</li><li>Discutir y, en su caso, aprobar el presupuesto de gastos para el año siguiente.</li><li>Las demás que le confieren la Ley de Propiedad en Condominio de Inmuebles para el Distrito Federal, Escritura Constitutiva del Régimen de Propiedad en Condominio, el Reglamento Interno del Condominio y demás disposiciones aplicables.</li></ol><p><br></p><p><strong><img src=\"/blog/cuales-son-las-facultades-de-la-asamblea-general-de-consorcistas.jpg\"></strong></p><p><br></p><h2><strong>Inasistencia a las Asambleas Generales de Condóminos</strong></h2><p><br></p><p>La Ley del Régimen de Propiedad en Condominio de Inmuebles para el Distrito Federal no penaliza a los consorcistas que no asistan a las Asambleas, sin embargo, en algunos Reglamentos Internos sí se establecen medidas que aplican diversos tipos de sanciones a los ausentes.</p><p><br></p><p>Tenga presente que los acuerdos tomados en las Asambleas son obligatorios para todos los consorcistas, incluyendo a los ausentes y disidentes.</p><p><br></p><p>Por ello, en la medida que sus ocupaciones se lo permitan, acuda a las Asambleas y participe en los acuerdos de la misma. Sus recomendaciones, observaciones y sugerencias son valiosas y serán bien recibidas.</p><p><br></p><p>SI TE INTERESA CONOCER MAS DE NUESTRO SERVICIO VISITA ADMINISTRACIÓN DE CONSORCIOS</p>', 'cuales-son-las-facultades-de-la-asamblea-general-de-consorcistas', 0, '2020-03-26 11:00:08', '2020-03-26 17:08:56', NULL),
(26, '¿Qué es el comité de vigilancia?', '<h2>¿Qué es el comité de vigilancia según la ley de propiedad en consorcio del DF?</h2><p><br></p><p>¿Qué es el comité de vigilancia? Los consorcistas electos en Asamblea General de Condóminos como sus representantes legales, que está integrado por dos y hasta cinco miembros dependiendo del número de unidades de propiedad exclusiva del consorcio, designando de entre ellos a un presidente y de uno a cuatro vocales, mismos que actúan de manera colegiada.</p><p><br></p><p>El nombramiento de los miembros del Comité de Vigilancia es por un año, desempeñándose en forma honorífica. Pudiendo reelegirse sólo a la mitad de sus miembros por un período consecutivo, excepto el presidente que en ningún caso podrá ser reelecto en período consecutivo.</p><p><br></p><p><img src=\"/blog/que-es-el-comite-de-vigilancia-300x168.jpg\"></p><p><br></p><p>Para ser miembro del Comité de Vigilancia, obligatoriamente se debe cumplir con el requisito de ser propietario de una unidad de propiedad exclusiva, o acreditar la representatividad legal de éste, y estar al corriente en el pago de sus cuotas de mantenimiento y administración y otras aportaciones a favor del consorcio.</p><p><br></p><h2>Comité de Vigilancia funciones y obligaciones</h2><p><br></p><ol><li>Cerciorarse de que el Administrador cumpla con los acuerdos de la Asamblea General de Condóminos.</li><li>Supervisar que el Administrador lleve a cabo el cumplimiento de sus funciones.</li><li>Contratar y dar por terminados los servicios profesionales a que se refiere el Artículo 41° de la Ley de Propiedad en Condominio de Inmuebles para el Distrito Federal.</li><li>En su caso, dar su conformidad para la realización de las obras a que se refiere el Artículo 28° Fracción I de la Ley Propiedad en Condominio de Inmuebles para el Distrito Federal.</li><li>Verificar y dictaminar los estados de cuenta que debe rendir el Administrador ante la Asamblea General de Condóminos.</li><li>Constatar y supervisar la inversión de los fondos.</li><li>Dar cuenta a la Asamblea General de Condóminos de sus observaciones sobre la administración del consorcio.</li><li>Coadyuvar con el Administrador en observaciones a los consorcistas sobre el cumplimiento de sus obligaciones.</li><li>Convocar a Asamblea General de Condóminos, cuando los consorcistas lo hayan requerido al Administrador y éste no lo haga dentro de los tres días siguientes a la petición. Asimismo, cuando a su juicio sea necesario informar a la Asamblea General de Condóminos de irregularidades en que haya incurrido el Administrador, con notificación a éste para que comparezca ante la Asamblea relativa.</li><li>Solicitar la presencia de un representante de la Procuraduría Social del Distrito Federal o de un fedatario público en los casos previstos en la Ley Propiedad en Condominio de Inmuebles para el Distrito Federal o en los que considere necesario.</li><li>Las demás que se deriven de la Ley Propiedad en Condominio de Inmuebles para el Distrito Federal, de la aplicación de otras que impongan deberes a su cargo, así como de la Escritura Constitutiva del Régimen de Propiedad en Condominio y del Reglamento Interno del Condominio.</li></ol><p><br></p><p>SI TE INTERESA CONOCER MAS DE NUESTRO SERVICIO VISITA ADMINISTRACIÓN DE CONSORCIOS</p>', 'que-es-el-comite-de-vigilancia', 0, '2020-03-26 11:00:08', '2020-03-26 17:05:52', NULL),
(27, '¿Qué es un administrador de consorcios?', '<h2>¿Qué es un administrador de consorcios?</h2><p><br></p><p>¿Qué es un administrador de consorcios? La persona física o moral que designa la Asamblea General de Condóminos en los términos de la Ley de Propiedad en Condominio de Inmuebles para el Distrito Federal y el Reglamento Interno del Condominio.</p><p><br></p><p>Su designación o nombramiento se da por el voto de la mayoría que represente el cincuenta y uno por ciento del valor del consorcio, y puede ser removido cuando la misma Asamblea General de Condóminos lo estime conveniente, salvo el caso del Administrador nombrado en la Escritura Constitutiva del Régimen de Propiedad en Condominio, quien debe desempeñar dicho cargo durante el primer año.</p><p><br></p><p>El Administrador debe contar con experiencia en la administración de inmuebles y con amplia solvencia moral.</p><p><br></p><p>La Asamblea General de Condóminos fija a mayoría de votos, y cada vez que lo juzgue conveniente, las remuneraciones ordinarias y extraordinarias del Administrador, así como su forma de pago.</p><p><br></p><h2>EL consorcista como administrador del consorcio</h2><p><br></p><p>El nombramiento de Administrador puede darse a un consorcista, el encargo es por un año y su reelección es posible sólo por un período consecutivo más. Posteriormente, puede ser electo en otros períodos no consecutivos.</p><p><br></p><p>Cuando la Asamblea General de Condóminos decida contratar servicios profesionales externos, el Comité de Vigilancia debe celebrar el contrato correspondiente conforme a la ley aplicable, el cual no debe exceder de un año, pudiendo ser renovado mientras en Asamblea no se determine lo contrario.</p><p><br></p><p>En cualquiera de los casos, el nombramiento del Administrador debe ser presentado para su registro en la Procuraduría Social del Distrito Federal POSOC, dentro de los tres días hábiles siguientes a su designación. La Procuraduría emite el registro en un término de diez días hábiles, el cual tiene plena validez frente a terceros y ante las autoridades correspondientes.</p><p><br></p><p><img src=\"/blog/que-es-un-administrador-de-consorcios.jpg\"></p><p><br></p><p>Las medidas que adopte y las disposiciones que emita el Administrador dentro de sus funciones y con base en la Ley de Propiedad en Condominio de Inmuebles para el Distrito Federal y el Reglamento Interno del Condominio, son obligatorias para todos los consorcistas.</p><p><br></p><h2>Responsabilidades y obligaciones del administrador profesional de consorcios</h2><p><br></p><ul><li>Llevar un libro de actas de asamblea, debidamente autorizado por la Procuraduría.</li><li>Cuidar y vigilar los bienes del consorcio y los servicios comunes, promover la integración, organización y desarrollo de la comunidad.</li><li>Recabar y conservar los libros y la documentación relacionada con el consorcio, mismos que en todo tiempo podrán ser consultados por los consorcistas.</li><li>Atender la operación adecuada y eficiente de las instalaciones y servicios generales.</li><li>Realizar todos los actos de administración y conservación que el consorcio requiera en sus áreas comunes; así como contratar el suministro de la energía eléctrica y otros bienes necesarios para los servicios, instalaciones y áreas comunes, dividiendo el importe del consumo de acuerdo a lo establecido en la Ley de Propiedad en Condominio de Inmuebles para el Distrito Federal y el Reglamento Interno del Condominio.</li><li>Realizar las obras necesarias en los términos de la Fracción I del Artículo 28° de la Ley de Propiedad en Condominio de Inmuebles para el Distrito Federal.</li><li>Ejecutar los acuerdos de la Asamblea, salvo en lo que ésta designe a otras personas para tal efecto.</li><li>Recaudar de los consorcistas lo que a cada uno corresponda aportar para los fondos de mantenimiento y administración y el de reserva, así como el de las cuotas extraordinarias de acuerdo a los procedimientos y periodicidad establecidos por la Asamblea General de Condóminos.</li><li>Efectuar los gastos de mantenimiento y administración del consorcio, con cargo al fondo correspondiente, en los términos del Reglamento Interno del Condominio.</li><li>Otorgar recibo por cualquier pago o aportación que reciba a favor del consorcio.</li><li>Entregar mensualmente a cada consorcista, recabando constancia de quien lo reciba, un estado de cuenta del consorcio que muestre:</li><li>Relación pormenorizada de ingresos y egresos del mes anterior.</li><li>Estado consolidado de las aportaciones y cuotas pendientes. El Administrador tendrá a disposición de los consorcistas, que lo soliciten, una relación pormenorizada de los mismos.</li><li>Saldo y fines para los que se destinarán los fondos el mes siguiente.</li><li>Saldo de las cuentas bancarias, de los recursos en inversiones, con mención de intereses.</li><li>El consorcista tendrá un plazo de ocho días contados a partir de la entrega de dicha documentación para formular las observaciones u objeciones que considere pertinentes.</li><li>Transcurrido dicho plazo se considerará que está de acuerdo con la misma, a reserva de la aprobación de la Asamblea, en los términos de la Ley de Propiedad en Condominio de Inmuebles del Distrito Federal.</li><li>Convocar a Asamblea en los términos establecidos en la Ley de Propiedad en Condominio de Inmuebles del Distrito Federal y el Reglamento Interno del Condominio.</li><li>Representar a los consorcistas para la contratación a terceros de los locales, espacios o instalaciones de propiedad común que sean objeto de arrendamiento, comodato o que se destinen al comercio, ajustándose a lo establecido por las leyes correspondientes y el Reglamento Interno del Condominio.</li><li>Cuidar con la debida observancia de las disposiciones de la Ley de Propiedad en Condominio de Inmuebles para el Distrito Federal, el cumplimiento del Reglamento Interno del Condominio y de la Escritura Constitutiva del Régimen de Propiedad En Condominio.</li><li>Exigir, con la representación de los demás consorcistas, el cumplimiento de las disposiciones de la Ley de Propiedad en Condominio de Inmuebles para el Distrito Federal y el Reglamento Interno del Condominio. Solicitando en su caso el apoyo de la autoridad que corresponda.</li><li>En relación con los bienes comunes del consorcio, el Administrador tendrá facultades generales para pleitos, cobranzas y actos de administración de bienes, incluyendo a aquellas que requieran cláusula especial conforme a la Ley.</li><li>Cumplir con las disposiciones dictadas por la Ley de Protección Civil y su Reglamento.</li><li>Iniciar, previa autorización de la Asamblea General, los procedimientos administrativos o judiciales que procedan contra los consorcistas que incumplan de manera reiterada con sus obligaciones e incurran en violaciones a la Ley de Propiedad en Condominio de Inmuebles para el Distrito Federal, de la Escritura Constitutiva del Régimen de Propiedad en Condominio y del Reglamento Interno del Condominio.</li><li>Realizar las demás funciones y cumplir con las obligaciones que establezcan a su cargo la Escritura Constitutiva del Régimen de Propiedad en Condominio, el Reglamento Interno del Condominio, la Ley de Propiedad en Condominio de Inmuebles para el Distrito Federal y demás disposiciones legales aplicables, solicitando, en su caso, el apoyo de la Procuraduría Social del Distrito Federal para su cumplimiento.</li><li>Estudiar las necesidades particulares del edificio y con base en ellas elaborar anualmente un presupuesto de gastos mensuales y anuales que presentará para su estudio y aprobación o modificación por la Asamblea General de Condóminos. Este presupuesto deberá contener un análisis de los gastos con la designación precisa de los grupos de consorcistas entre los que se distribuirán éstos.</li><li>Es de su exclusiva incumbencia y responsabilidad el nombramiento y remoción del personal de administración y servicio que estará a sus órdenes directas.</li><li>En caso de siniestro parcial, recibirá la indemnización correspondiente que empleará exclusivamente para volver las cosas al estado que guardaban.</li><li>Vigilar la ejecución de los trabajos necesarios que bajo la dirección de un Arquitecto se lleven a cabo en las partes de propiedad común, de cualquier categoría que estos sean.</li><li>Sin necesidad de comunicarlo previamente a los diversos propietarios, el Administrador ordena las pequeñas reparaciones que la conservación del inmueble requiere.</li><li>Cuando los trabajos sean de importancia y urgencia, el Administrador debe ordenarlos, pero dando aviso a todos los consorcistas al iniciarlos.</li><li>Si los trabajos son de importancia, pero no de urgencia debe consultar a la Asamblea General de Condóminos.</li><li>Cuando la Asamblea General de Condóminos designa una nueva administración, la saliente debe entregar, en un término que no exceda de siete días naturales al día de la designación, todos los documentos incluyendo los estados de cuenta, valores, archivos, muebles, equipos y demás bienes que tuvo bajo su resguardo y responsabilidad. La entrega sólo puede posponerse por resolución judicial. Debiéndose levantar, en todos los casos, acta circunstanciada de la misma.</li><li><br></li></ul><h2><strong>Desavenencias con el Administrador de consorcios</strong></h2><p>La Procuraduría Social del Distrito Federal tiene diseñado un proceso de conciliación, que</p><p><br></p><p> se fundamenta en la buena fe de las partes y el deseo de resolver de manera conjunta la problemática del consorcio. El trámite es muy fácil y sin costo alguno.</p><p><br></p><p>Los Administradores o Comités de Vigilancia que a juicio de la Asamblea General, Consejo, o de la Procuraduría no hagan un buen manejo o vigilancia de las cuotas de servicios, mantenimiento y administración, de reserva o extraordinarias, por el abuso de su cargo o incumplimiento de sus funciones, o se ostenten como tal sin cumplir lo que esta Ley y su reglamento establecen para su designación, estarán sujetos a las sanciones establecidas en las fracciones I, II, III y IV de este artículo, aumentando un 50% la sanción que le corresponda, independientemente de las responsabilidades o sanciones a que haya lugar, contempladas en otras Leyes;</p><p><br></p><p>SI TE INTERESA CONOCER MAS DE NUESTRO SERVICIO VISITA ADMINISTRACIÓN DE CONSORCIOS</p>', 'que-es-un-administrador-de-consorcios', 0, '2020-03-26 11:00:08', '2020-03-26 17:05:05', NULL),
(28, '¿Es obligatorio que un consorcista sea administrador?', '<p>¿Es obligatorio que un consorcista sea administrador? La Ley de Propiedad en Condominio de Inmuebles para el Distrito Federal no establece que sea obligatorio ser administrador y por consecuencia no precisa sanción alguna para aquel consorcista que rechace el cargo.</p><p><br></p><p>En el Distrito Federal los administradores pueden ser consorcistas, siempre y cuando cumplan con su registro ante la Procuraduría Social del Distrito Federal.</p><p><br></p><p>Tiene que tomar un curso que normalmente se programa en las instalaciones de la procuraduría y una vez aprobado el examen contaran con un folio de registro.</p><p><br></p><p>Este folio les permitira llevar su administración conforme al marco legal que solicita la Ley de Propiedad en Condominio del Distrito Federal.</p><p><br></p><p>Sin embargo, los consorcistas en Asamblea General de Condóminos pueden adoptar otras determinaciones sobre el particular e inclusive, establecer disposiciones relativas en el Reglamento Interno del Condominio.</p><p><br></p><p><img src=\"/blog/es-obligatorio-que-un-consorcista-sea-administrador.jpg\"></p><p><br></p><p>SI TE INTERESA CONOCER MAS DE NUESTRO SERVICIO VISITA ADMINISTRACIÓN DE CONSORCIOS</p>', 'es-obligatorio-que-un-consorcista-sea-administrador', 0, '2020-03-26 11:00:09', '2020-04-07 21:54:38', NULL),
(29, '¿Qué son las cuotas de administración y mantenimiento?', '<h2>¿Qué son las cuotas de administración y mantenimiento?</h2><p><br></p><p>¿Qué son las cuotas de administración y mantenimiento? De acuerdo a la Ley de Propiedad en Condominio de Inmuebles para el Distrito Federal, las cuotas de administración y mantenimiento son las aportaciones a cargo de los consorcistas que se establecen para:</p><p><br></p><p><img src=\"/blog/que-son-las-cuotas-de-administracion-y-mantenimiento.jpeg\"></p><p><br></p><h3>Constituir el fondo de mantenimiento y administración</h3><p><br></p><p>Estos fondos son destinados a cubrir el gasto corriente que se genere en la administración, operación y servicios no individualizados de las áreas comunes del consorcio. El importe de la cuota se establece distribuyendo los gastos entre el número de unidades de propiedad exclusiva, de acuerdo a su porcentaje de indiviso, y deben cubrirse conforme a la periodicidad y procedimiento estipulados en el Reglamento Interno del Condominio.</p><p><br></p><h3>Constituir el fondo de reserva</h3><p><br></p><p>El fondo de reserva es destinado a cubrir los gastos de adquisición de implementos y maquinarias con que debe contar el consorcio, obras, mantenimiento y reparaciones mayores. El importe de esta cuota también se establece en proporción al valor estipulado en la Escritura Constitutiva del Régimen de Propiedad en Condominio para cada unidad de propiedad exclusiva. El monto general y su periodicidad se establecen en el Reglamento Interno del Condominio.</p><p><br></p><h3>Efectuar gastos extraordinarios</h3><p><br></p><p>Se pueden efectuar gastos extraordinarios cuando el fondo de administración y mantenimiento no sea suficiente para cubrir un gasto corriente extraordinario. El importe de la cuota se establece, distribuyendo en partes iguales el importe del gasto entre todas las unidades de propiedad exclusiva.</p><p><br></p><p>También se efectúan gastos extraordinarios cuando fondo de reserva no sea suficiente para cubrir la compra de algún implemento, realización de obras, mantenimiento y reparaciones mayores. El importe de la cuota se distribuirá conforme a lo establecido para el fondo de reserva.</p><p><br></p><p>En tanto no se utilicen, los fondos deben invertirse en valores de inversión a la vista de mínimo riesgo, conservando la liquidez necesaria para solventar las obligaciones de corto plazo. El tipo de inversión debe ser autorizada por el Comité de Vigilancia.</p><p><br></p><p>La Asamblea General de Condóminos determina anualmente el porcentaje de los frutos o utilidades obtenidas por las inversiones que deben aplicarse a cada uno de los fondos del consorcio.</p><p><br></p><p>Así también, la Asamblea General de Condóminos es quien determina anualmente el porcentaje de los frutos o utilidades obtenidas por el arrendamiento de los bienes de uso común que deben aplicarse a cada uno de los fondos del consorcio.</p><p><br></p><p>Para mayores informes del servicio profesional para <strong>administración de consorcios</strong> visita: ADMINISTRACIÓN DE CONSORCIOS</p>', 'que-son-las-cuotas-de-administracion-mantenimiento', 0, '2020-03-26 11:00:09', '2020-04-07 20:49:23', NULL),
(30, '¿Es obligatorio el pago de las cuotas de mantenimiento y administración?', '<h2>¿Es obligatorio el pago de las cuotas de mantenimiento y administración?</h2><p><br></p><p>¿Es obligatorio el pago de las cuotas de mantenimiento y administración? Sí. Al acordar la Asamblea de Condóminos el importe de las cuotas, todos los consorcistas están obligados a pagar la que les corresponda de acuerdo al porcentaje de indiviso que represente su unidad de propiedad exclusiva.</p><p><br></p><h2>¿Para que sirven el pago de las cuotas de mantenimiento y administración en un consorcio?</h2><p><br></p><p>Las cuotas de mantenimiento y administración son utilizadas para efectuar pagos por: honorarios, sueldos y salarios de personal que trabaja en el consorcio; trabajos necesarios para mantener el consorcio en buen estado, que incluyen la operación cotidiana, reparación y conservación de las instalaciones y servicios generales; consumos de agua y energía eléctrica de áreas comunes, al no cubrirse en su totalidad y oportunamente las cuotas se pone en riesgo el funcionamiento seguro y eficaz del consorcio.</p><p><br></p><p><img src=\"/blog/es-obligatorio-el-pago-de-las-cuotas-de-mantenimiento-y-administracion-300x164.jpeg\"></p><p><br></p><p>Además, al no constituirse el fondo de reserva se carece de los recursos económicos necesarios para solventar reparaciones mayores, comprar equipos para reponer los existentes o invertir en nuevas instalaciones o equipos.</p><p><br></p><p>Por consiguiente, le recomendamos que siempre pague con oportunidad las cuotas de administración y mantenimiento y del fondo de reserva que le correspondan.</p><p><br></p><h2>Intereses por pago fuera de tiempo de las cuotas de mantenimiento y administración</h2><p><br></p><p><strong>IMPORTANTE:</strong> Las cuotas de administración y mantenimiento no están sujetas a compensación, excepciones personales ni ningún otro supuesto que pueda excusar su pago.</p><p>Las cuotas de mantenimiento y administración, así como otras aportaciones a favor del consorcio, que se generen a cargo de cada unidad de propiedad exclusiva y que los consorcistas, sus arrendatarios o cesionarios del uso no cubran oportunamente en las fechas y bajo las formalidades establecidas causarán los intereses establecidos en el Reglamento Interno del Condominio.</p><p><br></p><p>Lo anterior, independientemente de las sanciones a que se hagan acreedores por motivo de su incumplimiento en el pago y que se hayan determinado en el mismo Reglamento Interno del Condominio o en acuerdo en la Asamblea General de Condóminos.</p><p><br></p><p>Además, el estado de liquidación de adeudos, intereses moratorios y pena convencional que estipule el Reglamento Interno del Condominio, si va suscrita por el Administrador y el Presidente del Comité de Vigilancia, acompañada de los correspondientes recibos pendientes de pago, así como de copia certificada por fedatario público o por la Procuraduría Social del Distrito Federal, del acta de Asamblea General relativa y del Reglamento en que se hayan determinado las cuotas a cargo de los consorcistas para los fondos de mantenimiento y administración y el de reserva, puede traer aparejada una acción en la vía ejecutiva civil. Esta acción podrá ejercerse cuando existan tres cuotas ordinarias o una extraordinaria pendiente de pago.</p><p><br></p><h2>Suspensión de servicios por falta de pago de las cuotas de mantenimiento y administración</h2><p><br></p><p><strong>IMPORTANTE:</strong>Cuando los servicios que se disfruten en áreas de su unidad de propiedad exclusiva y sean pagados con recursos de los fondos de mantenimiento y administración o el de reserva del consorcio, el Administrador podrá suspender los mismos al consorcista que no cumpla oportunamente con el pago de las cuotas de administración y mantenimiento o el de reserva, previa autorización del Comité de Vigilancia.</p><p><br></p><p>Cuando se celebre un contrato traslativo de dominio en relación a una unidad de propiedad exclusiva, el Notario Público que elabore la escritura respectiva debe exigir a la parte vendedora una constancia de no adeudo, entre otros, del pago de las cuotas de administración y mantenimiento y el de reserva, debidamente firmada por el Administrador del consorcio.</p><p>Recuerde que el Administrador del consorcio debe entregarle mensualmente un estado de cuenta individual y otro general del consorcio y usted dispone de un plazo de ocho días naturales para formular sus observaciones o inconformidades al respecto.</p><p><br></p><p>Por incumplimiento en el pago oportuno de las cuotas ordinarias, extraordinarias de administración, de mantenimiento y las correspondientes al fondo de reserva, se aplicará multa de 10 a 100 días de salario mínimo general vigente en el Distrito Federal; más intereses moratorios y/o el embargo de bienes a través de un Juicio Ejecutivo Civil Art. 59 y 87 de la Ley de propiedad en Condominio de Inmuebles para el Distrito Federal.</p><p><br></p><p>SI TE INTERESA CONOCER MAS DE NUESTRO SERVICIO VISITA ADMINISTRACIÓN DE CONSORCIOS</p>', 'es-obligatorio-el-pago-de-las-cuotas-de-mantenimiento-y-administracion', 0, '2020-03-26 11:00:09', '2020-03-26 17:06:55', NULL);
INSERT INTO `posts` (`id`, `title`, `content`, `slug`, `enabled`, `created_at`, `updated_at`, `deleted_at`) VALUES
(31, '¿Se permiten mascotas en el consorcio?', '<p>No está prohibida por ninguna ley la tenencia de mascotas dentro del consorcio.</p><p><br></p><p>Sin embargo, es creciente el número de Reglamentos Internos y acuerdos de Asambleas Generales de Condóminos que regulan su tenencia y, en casos específicos, hasta las prohíben.</p><p>Pero bajo ninguna circunstancia o justificación, los animales de naturaleza peligrosa, ruidosa, desagradable o nociva tendrán cabida dentro del consorcio.</p><p><br></p><p>Para evitarse dificultades con sus vecinos, se sugiere que no contravenga el Reglamento Interno del Condominio o los acuerdos de la Asamblea General de Condóminos sobre la tenencia de mascotas.</p><p><br></p><p><img src=\"/blog/se-permiten-mascotas-en-el-consorcio-300x168.jpeg\"></p><p><br></p><h2>Las mascotas en el Reglamento interno del consorcio</h2><p><br></p><p>Al respecto, es importante que considere y acate las medidas y limitaciones establecidas en el Reglamento Interno del Condominio sobre animales en las unidades de propiedad exclusiva o áreas comunes.</p><p><br></p><p>Tome en cuenta que la Procuraduría Social del Distrito Federal PROSOC puede imponerle una multa por faltas que afecten la tranquilidad o la comodidad de la vida condominal.</p><p>Se consideran faltas a la Ley de Justicia Cívica si su mascota transita dentro del consorcio sin que se hayan tomado las medidas de seguridad necesarias, defeca en las áreas comunes o ataca a otras personas o animales y por lo tanto el dueño es sancionado con una multa y según el caso, hasta arresto por setenta y dos horas.</p><p><br></p><p><strong>Por razones de higiene y seguridad, los consorcistas no deben hacer uso de los elevadores en compañía de sus mascotas.</strong></p><p><br></p><p>Por favor, tómese un tiempo dentro de sus ocupaciones para informarse sobre el Régimen de Propiedad en Condominio en que usted ha invertido y/o vive.</p><p><br></p><p>Artículo 21.- IX. Queda prohibido a los consorcistas, poseedores y en general a toda persona y habitantes del consorcio: Poseer animales que por su número, tamaño o naturaleza afecten las condiciones de seguridad, salubridad o comodidad del consorcio o de los consorcistas. En todos los casos, los consorcistas, poseedores, serán absolutamente responsables de las acciones de los animales que introduzcan al consorcio, observando lo dispuesto en la Ley de Protección de los Animales en el Distrito Federal; LEY DE PROPIEDAD EN consorcio DE INMUEBLES PARA EL DISTRITO FEDERAL.</p><p><br></p><p>SI TE INTERESA CONOCER MAS DE NUESTRO SERVICIO VISITA ADMINISTRACIÓN DE CONSORCIOS</p><p><br></p><p>SI TE INTERESA CONOCER MAS DE NUESTRO SERVICIO VISITA ADMINISTRACIÓN DE CONSORCIOS</p>', 'permiten-mascotas-en-consorcios', 1, '2020-03-26 11:00:09', '2020-04-08 17:26:41', NULL),
(32, 'Conservar áreas verdes', '<h2><strong>Conservar áreas verdes en áreas residenciales </strong></h2><p><br></p><p>Conservar áreas verdes ; Derribar, trasplantar, podar, talar u ocasionar la muerte de una o más árboles, cambiar el uso o naturaleza de las áreas verdes, ni aun y por acuerdo que se haya establecido Te puede evitar una multa de 50 a 200 días de salario mínimo y/o de 3 a 9 años de prisión, Art. 87 Fracción II de la Ley en Propiedad en Condominio de Inmuebles del Distrito Federal y Art. 343 Fracción IV del Código Penal del Distrito Federal.</p><p><br></p><p><img src=\"/blog/conservar-areas-verdes-1.jpeg\"></p><p><br></p><p>SI TE INTERESA CONOCER MAS DE NUESTRO SERVICIO VISITA ADMINISTRACIÓN DE CONSORCIOS</p><p><br></p><p><br></p>', 'conservar-areas-verdes', 0, '2020-03-26 11:00:09', '2020-03-26 17:11:03', NULL),
(33, 'Ruido en el consorcio', '<h2>Ruido en el consorcio ocasionado por vecinos</h2><p><br></p><p>Ruido en el consorcio Artículo 21.-Queda prohibido a los consorcistas, poseedores y en general a toda persona y habitantes del consorcio:</p><p><br></p><p>II. Realizar acto alguno que afecte la tranquilidad de los demás consorcistas y/o poseedores, que comprometa la estabilidad, seguridad, salubridad y comodidad del consorcio, o incurrir en omisiones que produzcan los mismos resultados;</p><p><br></p><h2>Ruido en el edificio ocasionado por obras</h2><p><br></p><p>IV. En uso habitacional, realizar obras y reparaciones en horario nocturno, salvo los casos de fuerza mayor.</p><p><br></p><p>Para este artículo se aplicará de manera supletoria la Ley de cultura Cívica del Distrito Federal y demás leyes aplicables.</p><p><br></p><p><img src=\"/blog/ruido-en-el-consorcio.jpeg\"></p><p><br></p><p>SI TE INTERESA CONOCER MAS DE NUESTRO SERVICIO VISITA ADMINISTRACIÓN DE CONSORCIOS</p>', 'ruido-en-el-consorcio', 0, '2020-03-26 11:00:09', '2020-04-06 21:57:28', NULL),
(34, 'Separar basura en el consorcio', '<h2>Separar basura en CDMX</h2><p>Separar basura en el consorcio. Los capitalinos ahora tendrán que dividir sus residuos en orgánicos, inorgánicos que ahora se dividen en reciclables, e inorgánicos no reciclables, y residuos voluminosos y de manejo especial.</p><p>Artículo 26.- Son infracciones contra el entorno urbano de la Ciudad de México: Evita una multa de 10 a 150 días de salario mínimo y/o un arresto de hasta 24 horas., Ast. 68 y 69 de la Ley de Residuos Sólidos y Art. 26 Fracción IV de la Ley de Cultura Cívica, ambas del Distrito Federal.</p><p></p><p><img src=\'/blog/separar-basura-1-200x300.png\'/></p><h2>Separar basura en el consorcio tipos de basura</h2><p>De acuerdo con el gobierno capitalino los residuos que diariamente se producen en la ciudad se dividirán así con la nueva norma ambiental en la CDMX NADF-024:</p><h3>Orgánicos: restos de verdura, cáscaras de fruta, semillas, huesos, lácteos, sobrantes de comida, té, filtros, residuos de jardinería.</h3><p>Separar adecuadamente tus residuos orgánicos permite que se puedan transformar en algo útil, por ejemplo: abono para las plantas, alimento para animales de granja, jabones y hasta en biogás, un combustible capaz de generar energía eléctrica a partir de materia orgánica en descomposición.</p><h3>Inorgánicos reciclables: papel, cartón, plástico, metal, vidrios, envase.</h3><p>El papel, cartón, vidrio, plásticos, metales, ropa etc; al separar basura en el consorcio pueden ser transformados en nuevos productos si no se contaminan con otros residuos</p><p>Para sacarles provecho es necesario separarlos, y así garantizar que se puedan reincorporar al proceso de producción, y darles valor nuevamente.</p><p>Por eso, entrégalos de manera separada al camión recolector. También puedes llevarlos al centro de acopio más cercano a tu domicilio. O bien, ¡llévalos al Mercado de Trueque e intercámbialos por productos agrícolas cultivados en nuestra ciudad!</p><p>Todos los residuos que logran aprovecharse no llegan a rellenos sanitarios ni tiraderos a cielo abierto, por tanto, no contribuyen a las 12,843 toneladas de desechos que diariamente generamos en la CDMX.</p><h3>Inorgánicos no reciclables: es decir, aquellos que no se puede reutilizar y sí es basura, como colillas de cigarro, envolturas metálicas, pañales, toallas sanitarias y papel higiénico.</h3><p>Desafortunadamente son residuos que no se pueden reciclar no todos los residuos se pueden aprovechar debido al uso que se les ha dado, por lo que éstos terminarán en rellenos sanitarios o en tiraderos a cielo abierto.</p><h3>Residuos voluminosos y de manejo especial: como televisores, refrigeradores, lavadoras, computadoras, celulares, muebles rotos. Estos serán aceptados por los recolectores de basura únicamente los domingos.</h3><p>Al Separar basura en el consorcio Los residuos electrónicos, eléctricos y las pilas, son residuos de manejo especial, es decir, necesitan un tratamiento diferente, pues contienen metales pesados, y otros materiales muy tóxicos y contaminantes. Te invitamos a llevarlos al Reciclatrón para que sus componentes puedan ser aprovechados (plástico, vidrio, cobre, metales, tarjetas electrónicas, etc.).</p><p>Estas acciones son parte del programa “Basura Cero”, un nuevo intento del gobierno local para tener un manejo responsable de las 13 toneladas que de desechos que se producen diariamente en la CDMX.</p><p>SI TE INTERESA CONOCER MAS DE NUESTRO SERVICIO VISITA ADMINISTRACIÓN DE CONSORCIOS</p>', 'separar-basura', 0, '2020-03-26 11:00:09', NULL, NULL),
(35, 'Agresiones verbales', '<h2>Agresiones verbales entre vecinos del consorcio</h2><p><br></p><p>Agresiones verbales en el consorcio.- Vivir en consorcio, tiene sus ventajas como ya lo hemos mencionado anteriormente; Pero en ocasiones la sana convivencia entre los consorcistas se llegue a dar, La PROSOC reporta que los principales problemas entre los consorcistas que levantan quejas es por Ruido, filtraciones, ocupación de áreas comunes y uso de cajones de estacionamientos que no corresponden.</p><p><br></p><p>Sugerimos que antes de llegar a las agresiones verbales tengamos bien definido nuestro reglamento interno del consorcio y las inconformidades con los vecinos se sugiere que se lleven por medio de la administración en turno.</p><p><br></p><p>Una de las ventajas de contar con un administrador externo es que es imparcial y objetivo en las soluciones a los problemas que puedan tener los consorcios.</p><h2><br></h2><h2>TÍTULO TERCERO INFRACCIONES Y SANCIONES CAPÍTULO I INFRACCIONES Y SANCIONES</h2><p><br></p><p>Artículo 23.- Son infracciones contra la dignidad de las personas;\n          I. Vejar o maltratar física o verbalmente a cualquier persona;\n          III. Propinar a una persona, en forma intencional y fuera de riña, golpes que no le causen lesión; y</p><p><br></p><p>IV. Lesionar a una persona siempre y cuando las lesiones que se causen de acuerdo al dictamen médico tarden en sanar menos de quince días.</p><p><br></p><p>En caso de que las lesiones tarden en sanar más de quince días el juez dejará a salvo los derechos del afectado para que éste los ejercite por la vía que estime procedente.</p><p><br></p><p><img src=\"/blog/agresiones-verbales.jpeg\"></p><p><br></p><p>La infracción establecida en la fracción I se sancionará con multa por el equivalente de 1 a 10 días de salario mínimo o con arresto de 6 a 12 horas.</p><p><br></p><p>Las infracciones establecidas en las fracciones II y III se sancionarán con multa por el equivalente de 11 a 20 días de salario mínimo o con arresto de 13 a 24 horas.</p><p><br></p><p>La infracción establecida en la fracción IV, se sancionará con arresto de veinticinco a treinta y seis horas. Sólo procederá la conciliación cuando el probable infractor repare el daño. Las partes de común acuerdo fijarán el monto del daño.</p><p><br></p><p>SI TE INTERESA CONOCER MAS DE NUESTRO SERVICIO VISITA ADMINISTRACIÓN DE CONSORCIOS</p>', 'agresiones-verbales', 0, '2020-03-26 11:00:09', '2020-03-26 17:18:24', NULL),
(36, '¿Cómo revisar mi consorcio después de un sismo?', '<h2>¿Cómo revisar tu propiedad  tras un sismo?</h2><p>¿ Cómo revisar mi consorcio después de un sismo ? México se considera una zona altamente sísmica debido a su ubicación geográfica.</p><p>Existen 5 placas tectónicas que se dividen en territorio mexicano: Placa Norteamericana, Placa del Pacifico, Placa del Caribe, Placa de Cocos y Rivera.</p><p>El suelo de la Ciudad de México en algunas delegaciones es altamente riesgoso para para los edificios, ya que los movimientos sísmicos se magnifican en intensidad en zonas blandas.</p><p>La alta población en la Ciudad de México ha originado la tendencia a vivir en consorcios y en ocasiones estos han sido construidos en zonas donde estas edificaciones son un riesgo latente.</p><h2>¿ Cómo revisar mi consorcio después de un sismo ?</h2><p>Ante todo, siempre es muy recomendable consultar a un ingeniero especializado en estructuras para que evalúe los posibles daños y el riesgo de la construcción, esta evaluación dependerá  del número de pisos y la estructura del inmueble.</p><p>Aquí los puntos a verificar inicialmente: ¿ Cómo revisar mi consorcio después de un sismo ?</p><h3>¿Que revisar en mi casa después de un sismo?</h3><p>Después de un sismo, ubica dentro de tu edificio cuáles son los muros de carga, las trabes, las columnas, los castillos, los cerramientos y los muros divisorios. También identifica cuáles son las instalaciones de luz/electricidad (apagadores, contactos, focos); de agua (cisternas, tuberías, tomas de agua); sanitarias (tuberías de aguas negras, sanitarios, coladeras y registros) y sobre todo las de gas (estufa, calentador, cilindro o tanque estacionario).</p><p>El siguiente paso es monitorear el estado del edificio. De acuerdo con Protección Civil, es necesario que revises si hay fisuras o fracturas en acabados o elementos estructurales. Las fisuras normalmente afectan a los acabados superficiales del edificio, por lo que no implican un gran riesgo. Las fracturas afectan el soporte de la vivienda, por lo que es necesario que se realicen las reparaciones lo más pronto posible.</p><h3>¿ Cómo revisar mi consorcio después de un sismo con respecto a las instalaciones de gas ?</h3><p>Debes revisar que los cilindros o tanques estacionarios no tengan golpes ni raspaduras, ya que esto provoca la corrosión del material con el que están hechos. Revisa las perillas de la estufa y del calentador, ya que una junta mal colocada podría causar una fuga. También procura poner un poco de agua con jabón en las junturas de las tuberías de gas y si observas que se forman burbujas, es necesario que reemplaces esa conexión.</p><p>Verifica si las tuberías de agua no presentan alguna fuga, ya que el agua podría contaminar los tinacos y las cisternas. También verifica si no hay alguna sobrecarga en las instalaciones de luz y que no haya cables expuestos para que no haya peligro de descarga eléctrica.</p><p>La Secretaría de Protección Civil de la Ciudad de México recomienda que al menos dos veces al año o inmediatamente después de un sismo, realices las correcciones correspondientes y le des mantenimiento a tu hogar. Entre las afectaciones que tu consorcio puede sufrir está el que la humedad, las fisuras y el desprendimiento de acabados podrían dañar la estructura del inmueble. Las tuberías y coladeras tapadas podrían ocasionar fugas y socavaciones en los cimientos y el suelo de tu casa.</p><p>En último caso, si tu casa sufrió daños importantes, es importante que la evacues y que realices las reparaciones lo más pronto posible antes de regresar a habitarla, de acuerdo con la Secretaría de Protección Civil.</p><img src=\'/blog/como-revisar-mi-consorcio-despues-de-un-sismo.jpg\'/><p id=\'caption-attachment-849\' class=\'wp-caption-text\'>Cómo revisar mi consorcio después de un sismo</p><h2><strong>Por qué tiembla tanto en la ciudad de México</strong></h2><p>La Ciudad de México es una de las zonas con mayor riesgo a nivel nacional, esto debido a las condiciones del suelo, esta ciudad fue construida sobre un lago con suelo inestable.</p><h2><strong>Cuáles son las zonas más seguras en la Ciudad de México para los consorcios ante un terremoto </strong></h2><p>Las delegaciones Magdalena Contreras, Álvaro Obregón y Cuajimalpa son delegaciones que se asentaron sobre el volcán de San Miguel. Estas áreas formadas en su suelo con roca volcánica son de bajo riesgo para daños ante un terremoto.</p><p>Las delegaciones como Milpa Alta, Xochimilco y Tlalpan también se encuentran sobre derrames de lava que forman parte de la sierra de Chihinautzin por lo que el riesgo también es menor.</p><p>Adicionales hay zonas con aun menor riego como Ajusco, Ciudad universitaria, Pedregal, Lomas de Chapultepec y colonia Polanco.</p><h2><strong>Cuáles son las zonas de mayor riesgo para los consorcios ante un sismo</strong></h2><img src=\'/blog/como-revisar-mi-consorcio-despues-de-un-sismo-234x300.jpg\'/><p id=\'caption-attachment-776\' class=\'wp-caption-text\'>Como revisar mi consorcio después de un sismo</p><p>Las zonas donde fueron construidas sobre lagos son las áreas de mayor riesgo para los consorcios ante un terremoto.</p><p>En la Ciudad de México las delegaciones que fueron construidas con este tipo de suelo son: Cuauhtémoc, Gustavo A. Madero, Venustiano Carranza, Iztapalapa, Iztacalco y Tlahuac.</p><p>Dentro de estas delegaciones hay colonias que tienen  una un riesgo mayor como Centro Histórico, Roma Norte, Narvarte, Condesa, Juarez, Doctores, Tabacalera y Tlatelolco.</p><p>VISITA EL SITIO DEL SISMOLÓGICO NACIONAL PARA MAYOR INFORMACIÓN REFERENTE A SISMOS</p><p>SI TE INTERESA CONOCER MAS DE NUESTRO SERVICIO VISITA ADMINISTRACIÓN DE CONSORCIOS</p><p></p>', 'como-revisar-mi-consorcio-despues-de-un-sismo', 0, '2020-03-26 11:00:09', NULL, NULL),
(37, 'ADMINISTRACIÓN DE CONSORCIOS SOFTWARE', '<h2><strong>ADMINISTRACIÓN DE CONSORCIOS SOFTWARE</strong></h2><p><br></p><p><strong>Administración de consorcios software</strong>, para los profesionales en la administración condominal es recomendable utilizar herramientas de administración que faciliten el trabajo de gestión y la comunicación con los consorcistas.</p><p><br></p><p>Para la administración de consorcios proactiva es necesario contar con la información en todo momento.</p><p><br></p><p>Utilizar un <strong>software de administración de consorcios</strong> te permitirá mejorar la comunicación con los residentes y la transparencia en el uso y manejo de los recursos con los que cuenta el consorcio.</p><p>A continuación, listamos los <strong>softwares para la administraciónde consorcios</strong> más recomendados.</p><p><br></p><h2><strong>CONDOVIVE ADMINISTRACIÓN DE CONSORCIOS SOFTWARE</strong></h2><p><br></p><p>Para la <strong>administración de consorcios softwareCondoVive</strong> es una aplicación web que facilita toda tu administración, con reportes gráficos y sencillos, estados de cuenta y avisos generales.</p><p><br></p><p><img src=\"/blog/administracion-de-consorcios-software-condovive-300x300.jpg\"></p><p><br></p><p id=\"caption-attachment-785\" class=\"wp-caption-text\">administración de consorcios software condovive</p><p id=\"caption-attachment-785\" class=\"wp-caption-text\"><br></p><p><strong>CondoVive</strong> funciona bajo el esquema SaaS (Software as a Service) el cual significa el software se ofrece como un servicio, esto implica que la información siempre es tuya y nosotros proveemos la infraestructura informática para ayudarte a manejarla a cambio de un costo mensual desde la ventana de tu navegador. Esto tiene varias ventajas.</p><p><br></p><h3><strong>RESPALDOS DIARIOS</strong></h3><p><br></p><p>Tu información es muy muy importante, por eso tomamos una fotografía de todos tus datos cada día. De esta manera si algún dato se corrompe podemos regresar toda tu cuenta a una fecha en particular.</p><p><br></p><h3><strong>SOPORTE </strong></h3><p><br></p><p>Sabemos lo difícil que puede ser aprender algo nuevo, por eso estamos a un click de distancia. Si necesitas ayuda podemos compartir tu pantalla, y resaltar elementos del programa mientras platicamos contigo.</p><p><br></p><h3><strong>ACTUALIZACIONES CONSTANTES</strong></h3><p><br></p><p>Tal vez la mejor parte de utilizar el software CONDOVIVE como un servicio son las mejoras constantes sin costo basadas en tu retroalimentación y la de muchos administradores más de todo Latinoamérica.</p><p><br></p><h3><strong>MÚLTIPLES CONSORCIOS</strong></h3><p><br></p><p>CondoVive está pensado para asociaciones pequeñas hasta empresas administradoras grandes. Permite manejar de 1 consorcio de 10 casas a múltiples consorcios con centenares de casas, todo desde una sola aplicación.</p><p><br></p><h3><strong>ACCESO DIFERENCIADO RESIDENTES Y ADMINISTRACIÓN</strong></h3><p><br></p><p>CondoVive ha sido diseñado para ser fácil de usar, por esto manejamos dos interfaces diferentes, el administrador ve todas las opciones de un programa contable de presupuestos, avisos y reportes, mientras que el residente o propietario ve una interfaz sencilla y diseñada específicamente para ellos.</p><p><br></p><h3><strong>MIGRACIÓN INICIAL CON ARCHIVOS DE EXCEL</strong></h3><p><br></p><p>Sabemos lo importante que es tu información y lo tedioso que puede ser el utilizar un programa nuevo, por eso CondoVive te facilita unos archivos de excel para no hacer una captura manual.</p><p><br></p><h3><strong>¿QUÉ TE OFRECE CONDOVIVE?</strong></h3><p><br></p><p><strong>FACILIDAD DE USO</strong></p><p><br></p><p>CondoVive es sencillo para un consorcio pequeño y poderoso para la empresa administradora.</p><p><strong>SOPORTE </strong></p><p><br></p><p>Sabemos que lo difícil es en el día a día. Por eso estamos a un click de distancia para asesorarte.</p><p><strong>TRANSPARENCIA AUTOMÁTICA</strong></p><p><br></p><p>Consulta en tiempo real los avances en cobranza y balances de la administración.</p><p><strong>FACTURACIÓN</strong></p><p>Desde un solo lugar envía y almacena tus facturas y CFDIS los ingresos capturados.</p><p><strong>REPORTES</strong></p><p>Ingresos, egresos, morosos, conciliaciones, estados de resultados y comparaciones con presupuestos.</p><p><strong>Exportar información a excel</strong></p><p>Todos los reportes e información del sistema es exportable en excel para tu facilidad.</p><p><strong>ENVÍO DE AVISOS</strong></p><p>Envía por email y publica en el muro avisos para todos los residentes y propietarios fácilmente.</p><p><strong>GESTIONA TUS ÁREAS COMUNES</strong></p><p>Desde la cancha de tenis hasta la terraza podrás llevar la administración de tus áreas comunes.</p><p><strong>GESTIÓN DE INGRESOS Y EGRESOS</strong></p><p>Solo captura ingresos y egresos, con eso generarás todos los reportes necesarios para tu administración.</p><p><strong>ESTADOS DE CUENTA POR RESIDENTE</strong></p><p>Mantén de manera sencilla y organizada estados de cuenta e históricos de cada residente.</p><p><strong>PRESENTAR QUEJAS Y SUGERENCIAS</strong></p><p>¿Alguna inconformidad? Preséntala desde el sistema y recibirás seguimiento de tu solicitud.</p><p><strong>WHITE LABEL</strong></p><p>Tu logo y marca en toda la plataforma sin ningún costo extra. Ideal si eres una empresa administradora.</p><h2><strong>CONDOMISOFT ADMINISTRACIÓN DE CONSORCIOS SOFTWARE</strong></h2><p>Todo lo relacionado con la administración de tu consorcio en un sólo lugar. Para la administración de consorcios software condomisoft es una de las mejores opciones en el mercado.</p><p><img src=\"/blog/administracion-de-consorcios-software-condomisoft-300x79.jpg\"></p><p id=\"caption-attachment-786\" class=\"wp-caption-text\">administración de consorcios software condomisoft</p><p>No importa si eres un vecino que administra su propio consorcio o una gran firma de administración de propiedades.</p><p><strong>CondomiSOFT</strong> es el sistema que tiene una solución para ti 3 Modalidades elige la tuya:</p><h3><strong>ACCESO ÚNICAMENTE PARA ADMINISTRADORES DE CONSORCIOS. </strong></h3><p>Ideal para que lleves la contabilidad de tu consorcio o residencial y aproveches los múltiples reportes. Puedes llevar una bitácora de lo que ocurre en tu consorcio y muchas cosas más.</p><h3><strong>ACCESO AL SISTEMA PARA ADMINISTRADORES DE CONSORCIOS Y CONDÓMINOS.</strong></h3><p>Puedes aprovechar toda la funcionalidad de CONDOMISOFT y compartirlo con los residentes del consorcio para proporcionar transparencia a tu a administración condominal.</p><h3><strong>INTEGRACIÓN EN TU SITIO WEB</strong></h3><p>Muestra CondomiSoft como parte de la infraestructura de tu residencial o empresa de administración. Si lo requieres, se puede adaptar a un sitio web gratuito en un subdominio de CONDOMISOFT.</p><h3><strong>¿QUE OFRECE CONDOMISOFT?</strong></h3><p><strong>CLOUD COMPUTING</strong></p><p>Utiliza CondomiSOFT y da seguimiento a tu contabilidad desde cualquier lugar que tenga conexión a internet.</p><p><strong>MOBILE FRIENDLY</strong></p><p>Utiliza CondomiSOFT cómodamente desde tu celular o tableta ya que su estructura está optimizada para su uso en dispositivos móviles.</p><p><strong>HTTPS</strong></p><p>La comunicación con el servidor está encriptada, lo que mantiene sus datos seguros mientras viajan por la red.</p><p><strong>SEGURIDAD</strong></p><p>El código de la aplicación fue escrito poniendo la seguridad como prioridad. Además escaneamos frecuentemente el sistema con múltiples herramientas que nos permiten detectar y reparar posibles vulnerabilidades en el software.</p><p><strong>PRIVACIDAD</strong></p><p>CondomiSOFT no hace ningún uso de la información que nos proporcionas por lo que tus datos permanecen seguros.</p><p><strong>SOPORTE</strong></p><p>Si tienes dudas o requieres apoyo el equipo de CondomiSOFT está cerca para ayudarte.</p><p><strong>MEJORA CONTINUA</strong></p><p>CondomiSOFT se mantiene en un proceso de mejora continua por lo que nuevos detalles y funcionalidades se agregan periódicamente.</p><p><strong>EMPIEZA AHORA</strong></p><p>Un mes gratis. Sin riesgos ni compromisos. No se requiere tarjeta de crédito.</p><h2><strong>VECINOS 360 ADMINISTRACIÓN DE CONSORCIOS SOFTWARE</strong></h2><p>Vecinos 360 es un software de administración de edificios y consorcios que te ayudará a gestionar tu comunidad con más eficiencia, más transparencia y una mejor comunicación.</p><p><img src=\"/blog/administracion-de-consorcios-software-vecinos-360-300x162.png\"></p><p id=\"caption-attachment-782\" class=\"wp-caption-text\">administración de consorcios software vecinos 360</p><p>La Administración de consorcios software Vecinos360 es una solución integral que le permite a los administradores gestionar con más eficiencia su negocio.</p><p>Vecinos 360 es una plataforma web y móvil enfocada en satisfacer las necesidades de propietarios y administradores de consorcios facilitando la comunicación y gestión de las mismas.</p><p>Ganadora del concurso Startup Perú, de Innovate Perú y del concurso Start Tel Aviv.</p><p>Somos una iniciativa de la empresa Una Solutions, la cual es una incubadora de lanzamientos de proyectos de innovadores de emprendimientos.</p><h3><strong>AHORRA TIEMPO Y CRECE</strong></h3><p>Nuestra solución te permitirá simplificar tu gestión, recortando dramáticamente tiempos de procesos y costos de operación. Vecinos360 le devuelve agilidad a tu negocio, para que puedas enfocarte en crecer.</p><h3><strong>TODA LA INFORMACIÓN SOBRE TUS EDIFICIOS EN UN SOLO LUGAR</strong></h3><p>Dile adiós a los cuadernos y fuentes varias de información. Vecinos360 te permite tener toda la información de las comunidades que administras en una sola plataforma, con reportes exportables y documentos imprimibles.</p><h3><strong>PROYECTA UNA IMAGEN DE SOLIDEZ Y MODERNIDAD</strong></h3><p>Vecinos360 te permite presentar cuentas claras presentadas en recibos de pago completos y emitidos con tu imagen de marca. Tus vecinos pueden visualizarnos en la aplicación móvil, sin que tú tengas que imprimirlos.</p><h3><strong>UNA MEJOR COMUNICACIÓN</strong></h3><p>Una comunicación oportuna reduce los conflictos en una comunidad. Vecinos360 te permite comunicar incidentes, trabajos de mantenimiento y otros temas críticos de manera rápida y directa a través de nuestra aplicación móvil.</p><h3><strong>COMUNICACIÓN  </strong></h3><p>Fluida comunicación entre los vecinos y administradores buscando mejorar su comunidad a través de la plataforma web y móvil.</p><h3><strong>TRANSPARENCIA  </strong></h3><p>Información detallada en línea sobre la gestión administrativa, financiera y mantenimiento del edificio por medio de una cuenta personal.</p><h3><strong>CONTINUIDAD  </strong></h3><p>Al adquirir la plataforma de vecinos tomarás control sobre la información histórica de tu comunidad.</p><h2><strong>VIVOOK ADMINISTRACIÓN DE CONSORCIOS SOFTWARE</strong></h2><p>La mejor solución web en Latinoamérica para administradores de consorcios y edificios.</p><p><img src=\"/blog/administracion-de-consorcios-software-vivook.png\"></p><p id=\"caption-attachment-783\" class=\"wp-caption-text\">administración de consorcios software vivook</p><p>En 2 minutos crea el website privado de tu consorcio o edificio, listo ya para manejar cuotas, pagos, avisos, informes y todo lo que un administrador profesional necesita.</p><h3><strong>WEBSITE PRIVADO DE TU EDIFICIO O RESIDENCIAL</strong></h3><p>Tu edificio o residencial dispondrá inmediatamente de un sitio web privado personalizado, donde el administrador, los propietarios y los residentes puedan comunicarse, interactuar y llevar la administración financiera.</p><h3><strong>SERVICIO ADICIONAL DE TU EMPRESA</strong></h3><p>Si te dedicas a la administración de edificios o residenciales, puedes vincular el acceso de Vivook a tu página web. De esta manera tus clientes (los residentes) tendrán que ingresar su email y password, desde la página web de su empresa y no desde Vivook.</p><h3><strong>LA INFORMACIÓN CLARA Y OPORTUNA. LAS 24 HORAS. DEL DÍA</strong></h3><p>Con Vivook tus residentes pueden mantenerse al día de toda la información del edificio o residencial a través de blogs temáticos pre organizados.</p><p>Manejo de información exclusiva para miembros del comité de vigilancia, comité de residentes o miembros del consejo.</p><p>El consejo de administración o comité de vigilancia, cuenta con votaciones y un blog exclusivo. Donde toda la información es confidencial y únicamente los miembros del consejo pueden consultarla. Pueden tratar asuntos y tomar decisiones, sin tener que reunirse físicamente.</p><h3><strong>RESERVACIÓN DE INSTALACIONES EN LÍNEA.</strong></h3><p>Los residentes podrán reservar las instalaciones o áreas comunes del edificio o residencial. El administrador confirmará o rechazará las solicitudes vía Vivook.</p><h3><strong>SOLICITUDES AL ADMINISTRADOR LAS 24 HRS. </strong></h3><p>Cada vez que un propietario o residente quiera solicitarle o preguntarle algo al administrador, puede hacerlo aquí\n          . No es necesario llamarle por teléfono o buscarlo personalmente. El administrador desde aquí puede darle seguimiento a las solicitudes y los residentes pueden consultar aquellas que sean públicas y ver si están pendientes de resolver, resueltas o anuladas.</p><h3><strong>RESIDENTES FORMAN PARTE EN LA TOMA DE DECISIONES</strong></h3><p>Vivook permite al administrador organizar encuestas y votaciones entre los propietarios y/o vecinos. De esta manera la opinión de los residentes y la preferencia de la mayoría siempre son tomadas en cuenta.</p><h3><strong>LA ADMINISTRACIÓN MÁS TRANSPARENTE QUE NUNCA</strong></h3><p>Si el administrador así lo decide, el comité de vigilancia o incluso todos los vecinos, pueden tener acceso a la información financiera del edificio o residencial (Ingresos, egresos y anexos de egresos, como facturas, tickets, presupuestos, recibos, reporte de presupuesto, cuentas bancarias y cuentas financieras de fondos, etc).</p><h3><strong>CADA RESIDENTE SABE CUÁNTO DEBE Y CUÁNTO HA PAGADO.</strong></h3><p>Las 24 hrs del día los 365 días del año los residentes tienen acceso a su estado de cuenta. Además de que el administrador, puede enviar e imprimir desde Vivook avisos de cobro y avisos de pago, personalizados con la imagen corporativa del edificio o residencial.</p><h3><strong>LLEVA EL REGISTRO DE TUS ACTIVIDADES DE COBRANZA</strong></h3><p>Vivook cuenta con un sistema de seguimiento en el cual se pueden registrar todas las actividades de cobranza que se han realizado para cada una de las viviendas.</p><h3><strong>CONTROLA LA COBRANZA DE MANERA SENCILLA</strong></h3><p>Con Vivook sabrá exactamente el monto de las cuentas por cobrar que existen en tu residencial, ya que contarás con varios reportes como: Cuentas por cobrar, morosos, antigüedad de adeudos, entre otros.</p><h3><strong>PROGRAMACIÓN DE LAS TAREAS DE ADMINISTRACIÓN</strong></h3><p>Lleva una agenda de las tareas de administración, no importa si son recurrentes o solo se realizan una sola vez. Además, podrás programar recordatorios automáticos para los responsables de realizar cada tarea.</p><h3><strong>AHORRO EN RECURSOS DEL EDIFICIO O RESIDENCIAL</strong></h3><p>Lo importante no es cuánto cuesta, sino cuánto te ahorra en lo que gastas actualmente en fotocopias de avisos, en tiempo que invierte para poder repartirlos y en llamadas telefónicas.</p><h3><strong>PRUEBA GRATIS</strong></h3><p>Usa el 100% de la funcionalidad de Vivook durante un mes sin costo. Registra aquí su edificio o residencial. Es muy rápido y totalmente gratis.</p><p>SI TE INTERESA CONOCER MAS DE NUESTRO SERVICIO VISITA ADMINISTRACIÓN DE CONSORCIOS</p>', 'administracion-de-consorcios-software', 0, '2020-03-26 11:00:09', '2020-03-26 17:21:39', NULL),
(38, 'ADMINISTRACIÓN DE CONSORCIOS DF', '<h2><strong>ADMINISTRACIÓN DE CONSORCIOS EN EL DF CDMX</strong></h2><p><br></p><p>Administración de consorcios DF .- La ciudad de México es hoy la ciudad con mayor crecimeinto en el sector inmobiliario a nivel nacional por lo que le permite a esta ciudad ser una oportunidad de negocio para <strong>empresas administradoras de consorcios y edificios.</strong></p><p><br></p><p>Aproximadamente son tres millones de personas en la <strong>Ciudad de México</strong> que viven en un régimen de propiedad en <strong>consorcio</strong>. Existen cerca de ocho mil unidades habitacionales que no se registran ante la <strong>Procuraduría Social del Distrito Federal (PROSOC)</strong></p><p><br></p><h3>PROSOC CIUDAD DE MÉXICO</h3><p><br></p><p>La <strong>Procuraduría Social del Distrito Federal (PROSOC)</strong> informa que son cerca de seis mil inmuebles donde los residentes no conocen en que invierten sus aportaciones mensuales.</p><p>Existen varias quejas ante la <strong>Procuraduría Social del Distrito Federal (PROSOC)</strong> debido al mal manejo de los recursos de por parte de los <strong>administradores</strong> en turno, en algunos casos se han reportado fraudes por parte de <strong>administradores</strong> que lucran con las cuotas de los residentes.</p><p><br></p><h2><strong>ADMINISTRACIÓN DE CONSORCIOS EN CDMX</strong></h2><p><br></p><p>Es por esto que es muy importante hacer un análisis de la empresa que se seleccione para llevar la <strong>administración en el consorcio</strong> y a continuación te proporcionamos algunos consejos.</p><p><br></p><h2><strong><img src=\"/blog/administradores-de-consorcios-en-el-la-plata.jpg\"></strong></h2><p><br></p><h2><strong>PERMISO VIGENTE PARA LA ADMINISTRACIÓN DE CONSORCIOS DF</strong></h2><p><br></p><p>Es obligatorio que para prestar el servicio de <strong>administración de consorcios</strong>, los administradores cuenten el <strong>registro ante la Procuraduría Social del Distrito Federal (PROSOC).</strong></p><p>Este registro tendrá que renovarse año con año y debe estar actualizado para el <strong>administrador en turno</strong>.</p><p><br></p><p>Es obligatorio que el administrador cuente con una <strong>FIANZA </strong>que deje en garantía, esta fianza será de común acuerdo con la junta de asamblea.</p><p><br></p><p>Es recomendable que el contrato con el cual se formalice la contratación del servicio de <strong>administración de consorcios</strong> se encuentre registrado ante la <strong>PROFECO.</strong></p><p><br></p><h2><strong><img src=\"/blog/administradores-de-consorcios-300x168.jpg\"></strong></h2><p><br></p><h2><strong>HISTORIAL DE SANCIONES DE LA EMPRESA DE ADMINISTRACIÓN CONSORCIOS EN DF</strong></h2><p><br></p><p>Generalmente, las sanciones impuestas a los <strong>administradores</strong> por medio de la <strong>Procuraduría Social del Distrito Federal (PROSOC) </strong>se registran y pueden ser solicitadas por el contratante para verificar el historial de sanciones. Esto nos ayudara a tomar una decisión para la elección de la empresa de <strong>administración de consorcios.</strong></p><p><br></p><h2><strong><img src=\"/blog/consorcios-300x168.jpg\"></strong></h2><p><br></p><h2><strong>SERVICIOS QUE OFRECE LA EMPRESA DE ADMINISTRACIÓN CONSORCIOS EN DF</strong></h2><p><br></p><p>En cualquier momento, se puede necesitar una estrategia de <strong>administración</strong> ó acceder a otras modalidades de servicio, como son servicios de mantenimiento como impermeabilización, plomería, albañilería, acabados etc.</p><p><br></p><p>Es recomendable que la empresa de su selección cuente con personal operativo para cualquier evento de urgencia que se pueda necesitar.</p><p><br></p><h2><strong><img src=\"/blog/administradores-.jpg\"></strong></h2><p><br></p><h2><strong>CAPACIDAD DE BRIDAR LOS SERVICIOS DE ADMINISTRACIÓN CONSORCIOS EN DF</strong></h2><p><br></p><p>Una empresa de <strong>administración de consorcios</strong> df debe tener la capacidad y preparación en su personal para prestar servicios de consultorías legales, mantenimiento y asesoría financiera.</p><p><br></p><p>En <strong>EL GROVE</strong> todos nuestros <strong>administradores</strong> cuentan con la certificación de la <strong>Procuraduría Social del Distrito Federal (PROSOC). </strong>Además de contar con diversos cursos de formación como <strong>asesores </strong></p><p><br></p><p><strong>inmobiliarios</strong>.<img src=\"/blog/administracion-de-consorcios-la-plata-300x168.jpg\"></p><p><br></p><h2><strong>EXPERIENCIA  DE LA EMPRESA DE ADMINISTRACION DE CONSORCIOS EN DF</strong></h2><p><br></p><p>La <strong>administración de consorcios</strong> es un servicio complejo donde hay estrategias que se diseñan para riesgos potenciales. Solo personas con experiencia y conocimiento en el tema pueden asegurar que el <strong>consorcio</strong> siempre se encuentre en condiciones óptimas.</p><p><br></p><h3>Experiencia en en mercado inmobiliario</h3><p><br></p><p>Por esta razón es tan importante que la empresa de <strong>administración de consorcios yedificios</strong> acredite trayectoria y experiencia en el mercado a través de diferentes contratos con <strong>consorcios</strong>.</p><p><br></p><h2><strong><img src=\"/blog/la-plata.jpg\"></strong></h2><p><br></p><h2><strong>ANALISIS DE LA EMPRESA DE ADMINISTRACIÓN DE CONSORCIOS</strong></h2><p><br></p><p>Es determinante evaluar en la parte administrativa de la compañía los siguientes aspectos:</p><p><br></p><h3>Estabilidad financiera</h3><p><br></p><p>porqué dependiendo de la misma se brinda el mejor servicio frente a los niveles de situaciones imprevistas que encierra la actividad económica de los <strong>consorcios</strong>.</p><p><br></p><h3>Estabilidad organizacional</h3><p><br></p><p>Se requiere mantener una congruencia entre el tamaño del <strong>consorcio a administrar</strong> y el tamaño de la empresa de <strong>administración de consorcios en el DF.</strong></p><p><br></p><h3>Cobertura de seguros para el consorcio</h3><p><br></p><p>La implementación de una fianza como garantía del servicio es obligatoria para la <strong>administración de consorcios en el DF.</strong></p><p><br></p><h3>Variante de servicios adicionales para el edificio</h3><p><br></p><p>La <strong>administración de consorcios</strong> es compleja y se requiere una plantilla de especialistas en temas legales de mantenimiento, finanzas.</p><p><br></p><p>La capacidad de reacción de la empresa de <strong>administración de consorcios</strong> debe ser oportuna en el <strong>consorcio</strong> y a la hora que los <strong>consorcistas</strong> lo necesiten.</p><p><br></p><h3>Certificaciones</h3><p><br></p><p>Para la<strong> administración de consorcios en DF</strong> es necesaria la certificación emitida por la <strong>Procuraduría Social del Distrito Federal (PROSOC).</strong></p><p><br></p><h2><strong><img src=\"/blog/consorcio.jpg\"></strong></h2><p><br></p><h2><strong>OPERACIÓN DE LA EMPRESA DE ADMINISTRACION DE CONSORCIOS EN DF</strong></h2><p><br></p><p>Evalúe antes de tomar cualquier decisión en materia de <strong>administración de consorcios y edificios</strong> los siguientes aspectos desde el punto de vista operativo:</p><p><br></p><p>Capacidad del departamento de <strong>mantenimiento y administración</strong> en cuanto a: formación, experiencia, conocimiento, profesionalismo y capacidad de reacción</p><p>Equipamiento para dar respuesta operativa a los esquemas de <strong>mantenimiento</strong>.</p><p>Selección y capacitación del personal operativo</p><p><br></p><h2><strong>ORIENTACIÓN DE LOS PROCESOS AL CLIENTE </strong></h2><p><br></p><p>Las empresas de <strong>administración de consorcios en el DF</strong> deben asegurar una completa orientación hacia los procesos de servicio al cliente, aspecto fundamental para prestar un servicio de excelencia de acuerdo a las expectativas de cada cliente.</p><p><br></p><p>SI TE INTERESA CONOCER MAS DE NUESTRO SERVICIO VISITA ADMINISTRACIÓN DE CONSORCIOS</p><p><br></p>', 'administracion-de-consorcios-la-plata', 0, '2020-03-26 11:00:09', '2020-03-26 17:20:25', NULL),
(39, 'Nuevo Post', '<p>AA BBB CCCCCCCCCCCCCCCCCCCCCCCCC</p>', 'nuevo-post-20200406', 0, '2020-04-06 17:38:23', NULL, '2020-04-08 14:39:52'),
(40, 'AAAAAAAAA', '<p>AAAAAAAAAA</p>', 'aaaaaaaaa-20200407', 0, '2020-04-07 20:11:39', NULL, '2020-04-07 20:11:53'),
(41, 'SSSSSsssss', '<p>SSSSSsssssSSSSSsssssSSSSSsssssSSSSSsssss</p>', 'ssssssssss-20200407', 0, '2020-04-07 20:12:07', NULL, '2020-04-07 20:12:17'),
(42, 'Post XXX', '<p>XXX XYZ</p>', 'post-xxx-20200407', 0, '2020-04-07 20:28:47', '2020-04-07 20:29:29', '2020-04-08 14:39:47'),
(43, 'Quiénes somos? !!!', '<p>EL GROVE es una empresa de administración de consorcios de la ciudad de La Plata con trayectoria y experiencia en el sector. </p><p>\n\nSomos una empresa especializada en la administración de consorcios profesional que cuenta con un equipo de profesionales expertos en el ramo.</p><p>\n\nEL GROVE sabe sacar el aprovecho máximo a los recursos monetarios y activos físicos con el fin de mejorar la calidad de vida. Obteniendo los mejores niveles de sana convivencia, seguridad, limpieza, mantenimiento y la mayor plusvalía para el consorcio.</p>', 'home', 1, '2020-04-08 19:24:21', '2020-04-08 19:54:27', NULL);

-- --------------------------------------------------------

--
-- Estructura de tabla para la tabla `services`
--

CREATE TABLE `services` (
  `id` int(11) NOT NULL,
  `name` varchar(80) NOT NULL,
  `text` text NOT NULL,
  `img` varchar(255) NOT NULL,
  `enabled` tinyint(4) DEFAULT '0',
  `created_at` datetime DEFAULT NULL,
  `deleted_at` datetime DEFAULT NULL
) ENGINE=InnoDB DEFAULT CHARSET=utf8;

--
-- Volcado de datos para la tabla `services`
--

INSERT INTO `services` (`id`, `name`, `text`, `img`, `enabled`, `created_at`, `deleted_at`) VALUES
(1, 'administración general', 'La representación de la administración en un consorcio, es muy importante ya que sus funciones son las de preservar la equidad y armonía entre los consorcios, además de llevar los estados financieros, limpieza y mantenimiento que necesite el consorcio, cuotas de cada consorcio y la seguridad de sus copropietarios entre otras necesidades.', 'administracion-general-la-plata.png', 1, '2020-03-25 20:31:05', NULL),
(2, 'cobro a deudores', 'Contamos con la experiencia necesaria para la recuperación de la cuenta vencida. La ley de consorcios de la ciudad de La Plata, manifiesta que es una obligación el pago de cuotas de mantenimiento para quienes viven en consorcio en la ciudad de La Plata. Contamos con la experiencia necesaria para la recuperación de la cuenta vencida. La ley de consorcios de la ciudad de La Plata, manifiesta que es una obligación el pago de cuotas de mantenimiento para quienes viven en consorcio en la ciudad de La Plata.', 'cobro-a-deudores-inquilinos.png', 0, '2020-03-25 20:31:05', NULL),
(3, 'manejo de recursos', 'El mecanismo por el cual garantizamos el buen manejo de los recursos financieros del consorcio, es que nadie por sí sólo tenga acceso directo a las cuentas bancarias. Recomendamos la apertura de una cuenta de cheques e inversión con firmas mancomunadas por parte del comité de vigilancia. La administración únicamente tendrá la función de mediador de los recursos.', 'manejo-de-recursos.png', 1, '2020-03-25 20:31:05', NULL),
(4, 'seguridad', 'Contamos con la experiencia necesaria para conocer las necesidades de seguridad en su consorcio. Con base a un análisis de seguridad patrimonial y necesidades del servicio de los consorcios, ofrecemos proveedores del servicio que están calificados, certificados y debidamente registrados ante el Consejo Nacional de Seguridad Privada (CNSP) además de contar con todos sus elementos registrados ante la Secretaría de Seguridad Pública (SSP).', 'seguridad-inmuebles-la-plata.png', 1, '2020-03-25 20:31:05', NULL),
(5, 'mantenimiento general', 'Ofrecemos el servicio de Mantenimiento Integral de Instalaciones. Los servicios que prestamos son de tipo residencial, comercial e industrial, contamos con capital humano totalmente capacitado para cada servicio brindado. Plomería, carpintería, electricidad, albañilería, remodelación y acabados en general.', 'mantenimiento-de-inmuebles.png', 1, '2020-03-25 20:31:05', NULL),
(6, 'limpieza', 'Contamos con un departamento especializado en la fabricación de productos químicos para limpieza; En cuanto al personal de limpieza ofrecemos opciones diversas con diferentes empresas con las que tenemos relaciones comerciales y son capacitadas por nuestro departamento técnico en el uso y manejo de nuestros productos.', 'limpieza-de-inmuebles.png', 1, '2020-03-25 20:31:05', NULL),
(7, 'trabajos en altura', 'Hoy en día los consorcios por su estructura requieren de un servicio de mantenimiento profesional y especializado en diversas áreas, desde el año de 2005 ofrecemos diversos servicios de mantenimiento y limpieza vertical en altura.', 'trabajos-en-altura-limpieza.png', 1, '2020-03-25 20:31:05', NULL),
(8, 'lavado de tanques', 'Es altamente recomendable que el lavado de su cisterna y tanques se pueda programar como mínimo una vez por año, esto con el fin mejorar la calidad de agua para uso personal.', 'lavado-de-tanques-edificios.png', 1, '2020-03-25 20:31:05', NULL),
(9, 'ascensores', 'Los ascensores son una parte importante en una vivienda multifamiliar con múltiples niveles o pisos, ya que brindan al usuario la oportunidad de minimizar esfuerzo y tiempo. Sin embargo, para que un elevador instalado funcione de manera correcta y segura a través del tiempo, se recomienda darle a este equipo el mantenimiento adecuado.', 'mantenimiento-de-ascendores-la-plata.png', 0, '2020-03-25 20:31:05', NULL),
(10, 'alquiler y venta de propiedades', 'Nuestro equipo de especialistas expertos en el mercado inmobiliario estará dedicado a guiarlo con todo el detalle; antes, durante y después de concretada la venta / alquiler de su propiedad.', 'venta-alquiler-propiedades.png', 0, '2020-03-25 20:31:05', NULL),
(11, 'consergería', 'Atención personalizada a consorcios con un enfoque de servicio, solución de problemas y apoyo. Este concepto se adaptó del servicio que brindan en los hoteles.', 'consergería-la-plata.png', 0, '2020-03-25 20:31:05', NULL),
(12, 'suministro y administración de gas', 'Administramos el servicio de gas y emitimos el recibo mensual por departamento además del cobro en domicilio o el pago a cuenta referenciada.', 'suministro-administracion-gas.png', 1, '2020-03-25 20:31:05', NULL),
(13, 'impermeabilización', 'Problemas con proveedores. Somos expertos en aplicación de diversos sistemas de impermeabilización, garantizamos todos nuestros servicios por escrito y por medio de un contrato de prestación de servicios.', 'impermebilización.png', 1, '2020-03-25 20:31:05', NULL),
(14, 'fumigación', 'Las plagas domésticas pueden ser mucho más que una simple molestia, estas pueden convertirse en una amenaza para su propiedad y potencialmente para su salud. Es por ello que es tan importante controlar las plagas y los insectos en su hogar.', 'fumigacion-edificios-la-plata.png', 1, '2020-03-25 20:31:05', NULL),
(15, 'aire acondicionado', 'Contamos con el servicio de suministro e instalación de equipos de aire acondicionado o calefacción, así como en el servicio preventivo y correctivo correspondiente.', 'aire-acondicionado-edifcios-la-plata.png', 0, '2020-03-25 20:31:05', NULL),
(16, 'bombas de agua', 'Contamos con el servicio de mantenimiento a las bombas de agua (periféricas, centrifugas, de presión constante, sumergibles y tanques hidroneumáticos), así como también a los tableros eléctricos de consorcios, con la finalidad de garantizar un abastecimiento constante e ininterrumpido de agua potable para consumo humano.', 'bombas-de-agua-consorcio.png', 0, '2020-03-25 20:31:05', NULL),
(17, 'jardinería', 'Le ofrecemos una Solución Integral a sus necesidades, le damos Mantenimiento a su jardín para mantener su lugar ideal para vivir, pues darles mantenimiento a sus áreas verdes contribuyen a una mejor calidad de vida.', 'jardineria-consorcio-la-plata.png', 1, '2020-03-25 20:31:05', NULL),
(18, 'mantenimiento de oficinas', 'Mantener nuestro espacio de trabajo en un estado óptimo permite no sólo que la producción de una empresa permanezca en los niveles deseados, si no que esta aumente. Por tal motivo realizamos diversos tipos de servicios de mantenimiento, trabajo en el cual contamos con una amplia experiencia.', 'mantenimiento-de-oficinas.png', 1, '2020-03-25 20:31:05', NULL),
(19, 'centros comerciales', 'Nuestro objetivo es incrementar el valor del consorcio del centro comercial y de su función al servicio de comunidad con base del reglamento del régimen de propiedad en consorcio, siendo parte fundamental y activa de los cambios necesarios para satisfacer las necesidades del mercado, entorno de los inversionistas y locatarios.', 'administracion-de-centros-comerciales-la-plata.png', 0, '2020-03-25 20:31:05', NULL);

-- --------------------------------------------------------

--
-- Estructura de tabla para la tabla `slider`
--

CREATE TABLE `slider` (
  `id` int(11) NOT NULL,
  `img` varchar(255) NOT NULL,
  `line1` varchar(255) NOT NULL,
  `line2` varchar(80) NOT NULL,
  `line3` varchar(255) NOT NULL,
  `enabled` tinyint(4) DEFAULT '1',
  `created_at` datetime DEFAULT NULL,
  `deleted_at` datetime DEFAULT NULL
) ENGINE=InnoDB DEFAULT CHARSET=utf8;

--
-- Volcado de datos para la tabla `slider`
--

INSERT INTO `slider` (`id`, `img`, `line1`, `line2`, `line3`, `enabled`, `created_at`, `deleted_at`) VALUES
(1, '0-mision.jpg', 'Ofrecer soluciones efectivas en la administración de inmuebles', 'Misión', 'Brindando un alto estándar de eficiencia, confort, tranquilidad y seguridad a un precio razonable y justo.', 1, NULL, NULL),
(2, '1-vision.jpg', 'Honestidad, claridad y excelente trato', 'Visión', 'Otorgar un trato directo hacia nuestros clientes como así también el manejo eficiente de información por medio de tecnología de punta.', 1, NULL, NULL),
(3, 'https://i.imgur.com/jeORORh.jpg', 'Lo más importante son nuestros', 'Valores', 'Confianza, responsabilidad, transparencia, ética y respeto nos definen.', 1, NULL, NULL),
(4, 'ffffgggggggggggggggg', 'ggggggg ggggggggggggg', 'AAAA', 'gggggggggggggggg', 1, '2020-03-28 11:17:05', '2020-03-28 11:17:13'),
(5, 'https://i.imgur.com/sIslioE.jpg', 'Te cuidamos', 'Otra diap', 'Velamos por tu seguridad', 0, '2020-03-29 10:12:26', '2020-04-02 10:22:41'),
(6, 'https://fotografias.lasexta.com/clipping/cmsimages02/2019/11/14/66C024AF-E20B-49A5-8BC3-A21DD22B96E6/58.jpg', 'La seguridad de tus datos', 'Diapo importante', 'La cuidamos como nadie.', 0, '2020-04-02 10:20:35', '2020-04-02 14:26:26'),
(7, 'https://i.imgur.com/Ff6KAAT.png', 'Anterior', 'Otro Slider', 'Siguiente', 1, '2020-04-06 17:41:36', '2020-04-06 17:42:24'),
(8, 'https://i.imgur.com/SEjFM2T.jpg', 'AAAAAAA', 'AAAA', 'AAAAAAAAAAA', 0, '2020-04-07 20:33:49', '2020-04-07 20:33:53'),
(9, 'https://i.imgur.com/SEjFM2T.jpg', 'DDDDDDDDD', 'FFFFFFF', 'DDDDDDDDDDD', 0, '2020-04-07 20:34:08', '2020-04-07 20:34:14'),
(10, 'https://i.imgur.com/SEjFM2T.jpg', 'hhhhhhh', 'FGGG', 'hhhhhhhhhhhh', 0, '2020-04-07 20:35:12', '2020-04-07 20:35:16');

-- --------------------------------------------------------

--
-- Estructura de tabla para la tabla `users`
--

CREATE TABLE `users` (
  `id` int(11) NOT NULL,
  `name` varchar(120) DEFAULT NULL,
  `username` varchar(15) NOT NULL,
  `enabled` tinyint(4) DEFAULT '1',
  `locked` tinyint(4) NOT NULL DEFAULT '0',
  `email` varchar(60) DEFAULT NULL,
  `confirmed_email` tinyint(4) DEFAULT NULL,
  `password` varchar(60) DEFAULT NULL,
  `created_at` datetime DEFAULT NULL,
  `deleted_at` datetime DEFAULT NULL,
  `belongs_to` int(11) DEFAULT NULL
) ENGINE=InnoDB DEFAULT CHARSET=utf8;

--
-- Volcado de datos para la tabla `users`
--

INSERT INTO `users` (`id`, `name`, `username`, `enabled`, `locked`, `email`, `confirmed_email`, `password`, `created_at`, `deleted_at`, `belongs_to`) VALUES
(331, 'Administracion', 'juanma', 1, 0, '', NULL, '$2y$10$K.V.7K5/lpyexAmiXQCkiek7jqLSq.E.DdlHYwaG7Z.kstzaY1ul6', '2020-03-24 00:26:52', NULL, 331),
(332, 'Soporte', 'boctulus', 1, 0, '', NULL, '$2y$10$PeEahBePmhQqN/iit4bMxu8g/RJ4unLKh8f6VvntWsYt8tMFlBu1u', '2020-03-24 00:27:12', NULL, 332),
(333, 'El diamante', 'el_diamante', 1, 1, '', NULL, '$2y$10$aggFjdEY/t9BvB.xm3AsduymIJEppF3lELU2fVCcmqE34Or8RgO9y', '2020-03-24 00:27:37', '2020-04-22 12:42:23', 333),
(334, 'Consorcio 21 N°1128', 'C21_N1128', 1, 1, '', NULL, '$2y$10$O44Rc2CRiVk2DoRzqOCjvenWQF/xszr.AnRRFA2pen4Ymp6uoCff.', '2020-03-24 08:06:25', NULL, 334),
(345, 'XXX', 'xxx', 1, 1, '', NULL, '$2y$10$w4LVseEntaqLfnHG9240HeSbWSHE2lAQsyUAo0AP/MNur8YZGuxU2', '2020-03-29 00:26:13', '2020-03-29 00:27:02', 332),
(346, 'boctulus X', 'boctulusx', 1, 1, '', NULL, '$2y$10$tpdreCqSVnHYHSiWdUfEcOJq16fK3IlvYK.PFmMVUsgIJx..R6bwe', '2020-03-29 09:32:57', '2020-03-29 09:55:38', 346),
(348, 'AAAAAAAAAAAAAAAAAA', 'aaaaaaaa', 1, 1, '', NULL, '$2y$10$ZBxjHQo8/yL473LiB19FvOl0uWW//6bx5VTNYwmVrXHjeESAyks8u', '2020-03-29 09:58:09', '2020-03-29 09:59:16', 332),
(349, 'El Fuerte II', 'el_fuerte2', 1, 1, '', NULL, '$2y$10$zf98hOwB/fzokyx1vrwtDOYcsqcAAvbPCd0Ql0KSj4yss2nJRTBOu', '2020-03-29 10:00:27', '2020-04-07 13:31:22', 332),
(350, 'ASDF', 'asdf', 1, 1, NULL, NULL, '$2y$10$ymkvvJ0AV4iqSuUF5854b.KR3eymN5Rs/77.oB/ztv.jxzZ8aRWe6', '2020-04-06 17:45:26', '2020-04-07 02:25:31', 332),
(351, 'Trump Tower', 'trump_tower', 1, 1, NULL, NULL, '$2y$10$UbPR4zR9zFhx6kgoDThTEeFNDY/uUYGOrc/mG.MY8nZTYtS6LKK.6', '2020-04-07 14:20:59', '2020-04-07 14:32:31', 331),
(352, 'El Rojo', 'el_rojooo', 1, 1, NULL, NULL, '$2y$10$v6VAVXh5qy9KH8e1KOyveO9KmYLH0.G/KHqrrFSxFPvNrfn2N1yYK', '2020-04-07 14:50:28', '2020-04-07 14:50:51', 2),
(353, 'Consorcio 39 entre 15 y 16', 'C39_15y16', 1, 1, NULL, NULL, '$2y$10$N9/ACjepC6n2726jRW1MKu74cIy3X55cJHZowZL.z0wjakWuyDRL6', '2020-04-07 16:59:46', '2020-04-07 20:22:54', 331);

-- --------------------------------------------------------

--
-- Estructura de tabla para la tabla `user_roles`
--

CREATE TABLE `user_roles` (
  `id` int(11) NOT NULL,
  `belongs_to` int(11) NOT NULL,
  `role_id` int(11) NOT NULL,
  `created_at` datetime NOT NULL,
  `updated_at` datetime DEFAULT NULL
) ENGINE=InnoDB DEFAULT CHARSET=utf8;

--
-- Volcado de datos para la tabla `user_roles`
--

INSERT INTO `user_roles` (`id`, `belongs_to`, `role_id`, `created_at`, `updated_at`) VALUES
(132, 331, 100, '2020-03-24 00:26:53', NULL),
(133, 332, 100, '2020-03-24 00:27:12', NULL),
(134, 333, 2, '2020-03-24 00:27:38', NULL),
(139, 334, 2, '0000-00-00 00:00:00', NULL),
(140, 345, 2, '2020-03-29 00:26:14', NULL),
(141, 346, 2, '2020-03-29 09:32:57', NULL),
(142, 348, 2, '2020-03-29 09:58:09', NULL),
(143, 349, 2, '2020-03-29 10:00:28', NULL),
(144, 350, 2, '2020-04-06 17:45:26', NULL),
(145, 351, 2, '2020-04-07 14:21:00', NULL),
(146, 352, 2, '2020-04-07 14:50:28', NULL),
(147, 353, 2, '2020-04-07 16:59:46', NULL);

--
-- Índices para tablas volcadas
--

--
-- Indices de la tabla `billable_services`
--
ALTER TABLE `billable_services`
  ADD PRIMARY KEY (`id`);

--
-- Indices de la tabla `bills`
--
ALTER TABLE `bills`
  ADD PRIMARY KEY (`id`),
  ADD KEY `belongs_to` (`belongs_to`),
  ADD KEY `billable_id` (`billable_id`);

--
-- Indices de la tabla `collections`
--
ALTER TABLE `collections`
  ADD PRIMARY KEY (`id`),
  ADD KEY `belongs_to` (`belongs_to`);

--
-- Indices de la tabla `contact_data`
--
ALTER TABLE `contact_data`
  ADD PRIMARY KEY (`id`);

--
-- Indices de la tabla `documents`
--
ALTER TABLE `documents`
  ADD PRIMARY KEY (`id`),
  ADD UNIQUE KEY `name_UNIQUE` (`name`),
  ADD KEY `fk_documents_users1_idx` (`belongs_to`);

--
-- Indices de la tabla `files`
--
ALTER TABLE `files`
  ADD PRIMARY KEY (`id`),
  ADD KEY `belongs_to` (`belongs_to`);

--
-- Indices de la tabla `folders`
--
ALTER TABLE `folders`
  ADD PRIMARY KEY (`id`),
  ADD UNIQUE KEY `resource_table` (`tb`,`name`,`belongs_to`),
  ADD KEY `owner` (`belongs_to`);

--
-- Indices de la tabla `group_permissions`
--
ALTER TABLE `group_permissions`
  ADD PRIMARY KEY (`id`),
  ADD UNIQUE KEY `folder_id` (`folder_id`,`member`),
  ADD KEY `member` (`member`),
  ADD KEY `belongs_to` (`belongs_to`);

--
-- Indices de la tabla `legal_documents`
--
ALTER TABLE `legal_documents`
  ADD PRIMARY KEY (`id`);

--
-- Indices de la tabla `messages`
--
ALTER TABLE `messages`
  ADD PRIMARY KEY (`id`);

--
-- Indices de la tabla `other_permissions`
--
ALTER TABLE `other_permissions`
  ADD PRIMARY KEY (`id`),
  ADD UNIQUE KEY `folder_id` (`folder_id`),
  ADD KEY `belongs_to` (`belongs_to`);

--
-- Indices de la tabla `permissions`
--
ALTER TABLE `permissions`
  ADD PRIMARY KEY (`id`),
  ADD UNIQUE KEY `user_table` (`tb`,`user_id`) USING BTREE,
  ADD KEY `user_id` (`user_id`);

--
-- Indices de la tabla `posts`
--
ALTER TABLE `posts`
  ADD PRIMARY KEY (`id`);

--
-- Indices de la tabla `services`
--
ALTER TABLE `services`
  ADD PRIMARY KEY (`id`);

--
-- Indices de la tabla `slider`
--
ALTER TABLE `slider`
  ADD PRIMARY KEY (`id`);

--
-- Indices de la tabla `users`
--
ALTER TABLE `users`
  ADD PRIMARY KEY (`id`),
  ADD UNIQUE KEY `username` (`username`),
  ADD KEY `belongs_to` (`belongs_to`);

--
-- Indices de la tabla `user_roles`
--
ALTER TABLE `user_roles`
  ADD PRIMARY KEY (`id`),
  ADD UNIQUE KEY `user_id_2` (`belongs_to`,`role_id`),
  ADD KEY `user_id` (`belongs_to`),
  ADD KEY `role_id` (`role_id`);

--
-- AUTO_INCREMENT de las tablas volcadas
--

--
-- AUTO_INCREMENT de la tabla `billable_services`
--
ALTER TABLE `billable_services`
  MODIFY `id` int(11) NOT NULL AUTO_INCREMENT, AUTO_INCREMENT=9;
--
-- AUTO_INCREMENT de la tabla `bills`
--
ALTER TABLE `bills`
  MODIFY `id` int(11) NOT NULL AUTO_INCREMENT, AUTO_INCREMENT=69;
--
-- AUTO_INCREMENT de la tabla `collections`
--
ALTER TABLE `collections`
  MODIFY `id` int(11) NOT NULL AUTO_INCREMENT;
--
-- AUTO_INCREMENT de la tabla `contact_data`
--
ALTER TABLE `contact_data`
  MODIFY `id` int(11) NOT NULL AUTO_INCREMENT, AUTO_INCREMENT=2;
--
-- AUTO_INCREMENT de la tabla `documents`
--
ALTER TABLE `documents`
  MODIFY `id` int(11) NOT NULL AUTO_INCREMENT, AUTO_INCREMENT=18;
--
-- AUTO_INCREMENT de la tabla `files`
--
ALTER TABLE `files`
  MODIFY `id` int(11) NOT NULL AUTO_INCREMENT, AUTO_INCREMENT=206;
--
-- AUTO_INCREMENT de la tabla `folders`
--
ALTER TABLE `folders`
  MODIFY `id` int(11) NOT NULL AUTO_INCREMENT;
--
-- AUTO_INCREMENT de la tabla `group_permissions`
--
ALTER TABLE `group_permissions`
  MODIFY `id` int(11) NOT NULL AUTO_INCREMENT;
--
-- AUTO_INCREMENT de la tabla `legal_documents`
--
ALTER TABLE `legal_documents`
  MODIFY `id` int(11) NOT NULL AUTO_INCREMENT, AUTO_INCREMENT=11;
--
-- AUTO_INCREMENT de la tabla `messages`
--
ALTER TABLE `messages`
  MODIFY `id` int(11) NOT NULL AUTO_INCREMENT, AUTO_INCREMENT=220;
--
-- AUTO_INCREMENT de la tabla `other_permissions`
--
ALTER TABLE `other_permissions`
  MODIFY `id` int(11) NOT NULL AUTO_INCREMENT;
--
-- AUTO_INCREMENT de la tabla `permissions`
--
ALTER TABLE `permissions`
  MODIFY `id` int(11) NOT NULL AUTO_INCREMENT, AUTO_INCREMENT=39;
--
-- AUTO_INCREMENT de la tabla `posts`
--
ALTER TABLE `posts`
  MODIFY `id` int(11) NOT NULL AUTO_INCREMENT, AUTO_INCREMENT=44;
--
-- AUTO_INCREMENT de la tabla `services`
--
ALTER TABLE `services`
  MODIFY `id` int(11) NOT NULL AUTO_INCREMENT, AUTO_INCREMENT=20;
--
-- AUTO_INCREMENT de la tabla `slider`
--
ALTER TABLE `slider`
  MODIFY `id` int(11) NOT NULL AUTO_INCREMENT, AUTO_INCREMENT=11;
--
-- AUTO_INCREMENT de la tabla `users`
--
ALTER TABLE `users`
  MODIFY `id` int(11) NOT NULL AUTO_INCREMENT, AUTO_INCREMENT=354;
--
-- AUTO_INCREMENT de la tabla `user_roles`
--
ALTER TABLE `user_roles`
  MODIFY `id` int(11) NOT NULL AUTO_INCREMENT, AUTO_INCREMENT=148;
--
-- Restricciones para tablas volcadas
--

--
-- Filtros para la tabla `bills`
--
ALTER TABLE `bills`
  ADD CONSTRAINT `bills_ibfk_1` FOREIGN KEY (`belongs_to`) REFERENCES `users` (`id`),
  ADD CONSTRAINT `bills_ibfk_2` FOREIGN KEY (`billable_id`) REFERENCES `billable_services` (`id`);

--
-- Filtros para la tabla `collections`
--
ALTER TABLE `collections`
  ADD CONSTRAINT `collections_ibfk_1` FOREIGN KEY (`belongs_to`) REFERENCES `users` (`id`);

--
-- Filtros para la tabla `documents`
--
ALTER TABLE `documents`
  ADD CONSTRAINT `fk_documents_users1` FOREIGN KEY (`belongs_to`) REFERENCES `users` (`id`) ON DELETE NO ACTION ON UPDATE NO ACTION;

--
-- Filtros para la tabla `folders`
--
ALTER TABLE `folders`
  ADD CONSTRAINT `folders_ibfk_1` FOREIGN KEY (`belongs_to`) REFERENCES `users` (`id`);

--
-- Filtros para la tabla `group_permissions`
--
ALTER TABLE `group_permissions`
  ADD CONSTRAINT `group_permissions_ibfk_1` FOREIGN KEY (`folder_id`) REFERENCES `folders` (`id`),
  ADD CONSTRAINT `group_permissions_ibfk_2` FOREIGN KEY (`member`) REFERENCES `users` (`id`),
  ADD CONSTRAINT `group_permissions_ibfk_3` FOREIGN KEY (`belongs_to`) REFERENCES `users` (`id`);

--
-- Filtros para la tabla `other_permissions`
--
ALTER TABLE `other_permissions`
  ADD CONSTRAINT `other_permissions_ibfk_1` FOREIGN KEY (`folder_id`) REFERENCES `folders` (`id`),
  ADD CONSTRAINT `other_permissions_ibfk_2` FOREIGN KEY (`belongs_to`) REFERENCES `users` (`id`);

--
-- Filtros para la tabla `permissions`
--
ALTER TABLE `permissions`
  ADD CONSTRAINT `user_id` FOREIGN KEY (`user_id`) REFERENCES `users` (`id`);

--
-- Filtros para la tabla `user_roles`
--
ALTER TABLE `user_roles`
  ADD CONSTRAINT `user_roles_ibfk_1` FOREIGN KEY (`belongs_to`) REFERENCES `users` (`id`);

/*!40101 SET CHARACTER_SET_CLIENT=@OLD_CHARACTER_SET_CLIENT */;
/*!40101 SET CHARACTER_SET_RESULTS=@OLD_CHARACTER_SET_RESULTS */;
/*!40101 SET COLLATION_CONNECTION=@OLD_COLLATION_CONNECTION */;
